orderID,referenceNumber,datePlaced,isGift,giftFor,giftMessage,trackingNumber,orderStatus,shippingId,customerId,isSelfOrder
1,2345800,"2018-08-10 00:00:00",0,,,,Archive,1,1,0
2,2410790,"2018-09-06 00:00:00",1,,"This is a fake gift message!",,Archive,1,379,0
3,2428949,"2018-09-12 00:00:00",0,,,,Archive,1,167,0
4,2438364,"2018-09-15 00:00:00",0,,,,Archive,1,2,0
5,2472150,"2018-09-25 00:00:00",1,,"This is a fake gift message!",,Archive,1,312,0
6,2490279,"2018-10-02 00:00:00",1,,"This is a fake gift message!",,Archive,1,323,0
7,2519423,"2018-10-12 00:00:00",0,,,,Archive,1,3,0
8,2579774,"2018-11-02 00:00:00",1,,"This is a fake gift message!",,Archive,1,368,0
9,2582017,"2018-11-03 00:00:00",0,,,,Archive,1,4,0
10,2595222,"2018-11-08 00:00:00",0,,,,Archive,1,5,0
11,2604703,"2018-11-12 00:00:00",0,,,,Archive,1,171,0
12,2614060,"2018-11-15 00:00:00",1,,"This is a fake gift message!",,Archive,1,313,0
13,2615102,"2018-11-15 00:00:00",1,,"This is a fake gift message!",,Archive,1,314,0
14,2622108,"2018-11-18 00:00:00",0,,,,Archive,1,212,0
15,2624319,"2018-11-19 00:00:00",0,,,,Archive,1,22,0
16,2660259,"2018-12-04 00:00:00",0,,,,Archive,1,6,0
17,2665914,"2018-12-06 00:00:00",0,,,,Archive,1,164,0
18,2673563,"2018-12-10 00:00:00",0,,,,Archive,1,7,0
19,2692947,"2018-12-18 00:00:00",1,,"This is a fake gift message!",,Archive,1,315,0
20,2700349,"2018-12-20 00:00:00",0,,,,Archive,1,8,0
21,2715014,"2018-12-31 00:00:00",1,,"This is a fake gift message!",,Archive,1,7,0
22,2715071,"2018-12-31 00:00:00",1,,"This is a fake gift message!",,Archive,1,291,0
23,2802989,"2019-02-03 00:00:00",1,,"This is a fake gift message!",,Archive,1,182,0
24,2806944,"2019-02-04 00:00:00",0,,,,Archive,1,256,0
25,2815680,"2019-02-07 00:00:00",1,,"This is a fake gift message!",,Archive,1,316,0
26,2857509,"2019-02-24 00:00:00",0,,,,Archive,1,9,0
27,2993675,"2019-04-16 00:00:00",0,,,,Archive,1,10,0
28,2996369,"2019-04-17 00:00:00",0,,,,Archive,1,179,0
29,2998929,"2019-04-18 00:00:00",1,,"This is a fake gift message!",,Archive,1,317,0
30,3014876,"2019-04-24 00:00:00",0,,,,Archive,1,11,0
31,3025102,"2019-04-29 00:00:00",0,,,,Archive,1,12,0
32,3067565,"2019-05-15 00:00:00",0,,,,Archive,1,256,0
33,3114844,"2019-06-04 00:00:00",0,,,,Archive,1,13,0
34,3115096,"2019-06-04 00:00:00",0,,,,Archive,1,14,0
35,3115174,"2019-06-04 00:00:00",0,,,,Archive,1,15,0
36,3115906,"2019-06-04 00:00:00",1,,"This is a fake gift message!",,Archive,1,318,0
37,3119842,"2019-06-06 00:00:00",1,,"This is a fake gift message!",,Archive,1,16,0
38,3119865,"2019-06-06 00:00:00",0,,,,Archive,1,16,0
39,3126719,"2019-06-09 00:00:00",1,,"This is a fake gift message!",,Archive,1,319,0
40,3233844,"2019-07-18 00:00:00",0,,,,Archive,1,17,0
41,3263756,"2019-07-30 00:00:00",1,,"This is a fake gift message!",,Archive,1,320,0
42,3271802,"2019-08-02 00:00:00",0,,,,Archive,1,18,0
43,3342372,"2019-08-29 00:00:00",0,,,,Archive,1,201,0
44,3381465,"2019-09-13 00:00:00",0,,,,Archive,1,19,0
45,3381563,"2019-09-13 00:00:00",0,,,,Archive,1,20,0
46,3381650,"2019-09-13 00:00:00",0,,,,Archive,1,144,0
47,3382951,"2019-09-13 00:00:00",0,,,,Archive,1,21,0
48,3401246,"2019-09-20 00:00:00",0,,,,Archive,1,22,0
49,3408898,"2019-09-23 00:00:00",0,,,,Archive,1,116,0
50,3430224,"2019-09-30 00:00:00",0,,,,Archive,1,279,0
51,3433783,"2019-10-01 00:00:00",0,,,,Archive,1,22,0
52,3434657,"2019-10-01 00:00:00",0,,,,Archive,1,258,0
53,3439624,"2019-10-02 00:00:00",0,,,,Archive,1,23,0
54,3451561,"2019-10-07 00:00:00",0,,,,Archive,1,24,0
55,3467078,"2019-10-13 00:00:00",0,,,,Archive,1,168,0
56,3472329,"2019-10-15 00:00:00",1,,"This is a fake gift message!",,Archive,1,346,0
57,3483965,"2019-10-19 00:00:00",0,,,,Archive,1,25,0
58,3492582,"2019-10-22 00:00:00",0,,,,Archive,1,26,0
59,3503968,"2019-10-25 00:00:00",0,,,,Archive,1,107,0
60,3523633,"2019-11-02 00:00:00",0,,,,Archive,1,27,0
61,3543681,"2019-11-08 00:00:00",0,,,,Archive,1,166,0
62,3544273,"2019-11-08 00:00:00",0,,,,Archive,1,28,0
63,3549895,"2019-11-11 00:00:00",0,,,,Archive,1,212,0
64,3551473,"2019-11-11 00:00:00",0,,,,Archive,1,29,0
65,3552708,"2019-11-12 00:00:00",0,,,,Archive,1,159,0
66,3556172,"2019-11-12 00:00:00",0,,,,Archive,1,54,0
67,3558292,"2019-11-13 00:00:00",0,,,,Archive,1,30,0
68,3562037,"2019-11-14 00:00:00",0,,,,Archive,1,211,0
69,3565145,"2019-11-15 00:00:00",0,,,,Archive,1,31,0
70,3566685,"2019-11-16 00:00:00",0,,,,Archive,1,256,0
71,3567542,"2019-11-16 00:00:00",0,,,,Archive,1,32,0
72,3567791,"2019-11-16 00:00:00",0,,,,Archive,1,33,0
73,3568079,"2019-11-17 00:00:00",0,,,,Archive,1,34,0
74,3569238,"2019-11-18 00:00:00",0,,,,Archive,1,35,0
75,3571176,"2019-11-18 00:00:00",1,,"This is a fake gift message!",,Archive,1,321,0
76,3576281,"2019-11-20 00:00:00",0,,,,Archive,1,36,0
77,3577804,"2019-11-20 00:00:00",0,,,,Archive,1,37,0
78,3583617,"2019-11-22 00:00:00",0,,,,Archive,1,168,0
79,3585077,"2019-11-23 00:00:00",0,,,,Archive,1,38,0
80,3585388,"2019-11-23 00:00:00",0,,,,Archive,1,39,0
81,3591532,"2019-11-25 00:00:00",1,,"This is a fake gift message!",,Archive,1,322,0
82,3593046,"2019-11-26 00:00:00",0,,,,Archive,1,265,0
83,3597623,"2019-11-28 00:00:00",0,,,,Archive,1,40,0
84,3597936,"2019-11-28 00:00:00",0,,,,Archive,1,41,0
85,3597950,"2019-11-28 00:00:00",0,,,,Archive,1,186,0
86,3604692,"2019-12-02 00:00:00",1,,"This is a fake gift message!",,Archive,1,323,0
87,3607871,"2019-12-04 00:00:00",0,,,,Archive,1,212,0
88,3610289,"2019-12-04 00:00:00",1,,"This is a fake gift message!",,Archive,1,324,0
89,3612502,"2019-12-05 00:00:00",0,,,,Archive,1,42,0
90,3612931,"2019-12-05 00:00:00",0,,,,Archive,1,43,0
91,3616885,"2019-12-07 00:00:00",0,,,,Archive,1,256,0
92,3619116,"2019-12-08 00:00:00",1,,"This is a fake gift message!",,Archive,1,325,0
93,3623841,"2019-12-10 00:00:00",0,,,,Archive,1,44,0
94,3624987,"2019-12-10 00:00:00",0,,,,Archive,1,45,0
95,3626830,"2019-12-11 00:00:00",0,,,,Archive,1,46,0
96,3626875,"2019-12-11 00:00:00",0,,,,Archive,1,265,0
97,3630783,"2019-12-12 00:00:00",1,,"This is a fake gift message!",,Archive,1,326,0
98,3630817,"2019-12-12 00:00:00",1,,"This is a fake gift message!",,Archive,1,326,0
99,3632703,"2019-12-13 00:00:00",0,,,,Archive,1,47,0
100,3632836,"2019-12-13 00:00:00",0,,,,Archive,1,47,0
101,3632859,"2019-12-13 00:00:00",0,,,,Archive,1,47,0
102,3633773,"2019-12-13 00:00:00",0,,,,Archive,1,48,0
103,3634409,"2019-12-14 00:00:00",1,,"This is a fake gift message!",,Archive,1,327,0
104,3634413,"2019-12-14 00:00:00",0,,,,Archive,1,49,0
105,3634457,"2019-12-14 00:00:00",0,,,,Archive,1,50,0
106,3634691,"2019-12-14 00:00:00",1,,"This is a fake gift message!",,Archive,1,328,0
107,3637336,"2019-12-16 00:00:00",1,,"This is a fake gift message!",,Archive,1,329,0
108,3638270,"2019-12-16 00:00:00",0,,,,Archive,1,210,0
109,3641187,"2019-12-17 00:00:00",0,,,,Archive,1,51,0
110,3641821,"2019-12-17 00:00:00",1,,"This is a fake gift message!",,Archive,1,330,0
111,3643770,"2019-12-17 00:00:00",1,,"This is a fake gift message!",,Archive,1,331,0
112,3649758,"2019-12-20 00:00:00",1,,"This is a fake gift message!",,Archive,1,332,0
113,3650205,"2019-12-20 00:00:00",0,,,,Archive,1,52,0
114,3652523,"2019-12-21 00:00:00",0,,,,Archive,1,160,0
115,3781061,"2020-02-10 00:00:00",0,,,,Archive,1,265,0
116,3781982,"2020-02-10 00:00:00",0,,,,Archive,1,120,0
117,3791070,"2020-02-12 00:00:00",0,,,,Archive,1,53,0
118,3800208,"2020-02-16 00:00:00",1,,"This is a fake gift message!",,Archive,1,333,0
119,3837697,"2020-02-27 00:00:00",0,,,,Archive,1,215,0
120,3929365,"2020-04-03 00:00:00",0,,,,Archive,1,54,0
121,3953294,"2020-04-13 00:00:00",0,,,,Archive,1,55,0
122,3953416,"2020-04-13 00:00:00",0,,,,Archive,1,56,0
123,3954729,"2020-04-13 00:00:00",0,,,,Archive,1,126,0
124,3958704,"2020-04-15 00:00:00",0,,,,Archive,1,57,0
125,3958726,"2020-04-15 00:00:00",0,,,,Archive,1,58,0
126,3960699,"2020-04-15 00:00:00",1,,"This is a fake gift message!",,Archive,1,334,0
127,3961983,"2020-04-16 00:00:00",0,,,,Archive,1,105,0
128,3962210,"2020-04-16 00:00:00",0,,,,Archive,1,142,0
129,3962340,"2020-04-16 00:00:00",0,,,,Archive,1,107,0
130,3962504,"2020-04-16 00:00:00",0,,,,Archive,1,59,0
131,3968118,"2020-04-17 00:00:00",0,,,,Archive,1,60,0
132,3968102,"2020-04-17 00:00:00",0,,,,Archive,1,61,0
133,3978400,"2020-04-21 00:00:00",0,,,,Archive,1,62,0
134,3986061,"2020-04-23 00:00:00",0,,,,Archive,1,63,0
135,3991939,"2020-04-25 00:00:00",0,,,,Archive,1,64,0
136,3997547,"2020-04-27 00:00:00",0,,,,Archive,1,65,0
137,3998879,"2020-04-28 00:00:00",1,,"This is a fake gift message!",,Archive,1,335,0
138,4010550,"2020-05-01 00:00:00",1,,"This is a fake gift message!",,Archive,1,200,0
139,4010774,"2020-05-01 00:00:00",0,,,,Archive,1,66,0
140,4011477,"2020-05-01 00:00:00",1,,"This is a fake gift message!",,Archive,1,336,0
141,4013968,"2020-05-02 00:00:00",0,,,,Archive,1,67,0
142,4047842,"2020-05-12 00:00:00",0,,,,Archive,1,68,0
143,4051817,"2020-05-13 00:00:00",0,,,,Archive,1,69,0
144,4058965,"2020-05-15 00:00:00",0,,,,Archive,1,70,0
145,4071344,"2020-05-19 00:00:00",0,,,,Archive,1,212,0
146,4112767,"2020-06-02 00:00:00",0,,,,Archive,1,71,0
147,4112771,"2020-06-02 00:00:00",0,,,,Archive,1,106,0
148,4112744,"2020-06-02 00:00:00",0,,,,Archive,1,72,0
149,4113087,"2020-06-02 00:00:00",0,,,,Archive,1,133,0
150,4115395,"2020-06-02 00:00:00",0,,,,Archive,1,73,0
151,4315745,"2020-08-13 00:00:00",0,,,,Archive,1,74,0
152,4336932,"2020-08-19 00:00:00",0,,,,Archive,1,75,0
153,4367367,"2020-08-30 00:00:00",1,,"This is a fake gift message!",,Archive,1,337,0
154,4395585,"2020-09-06 00:00:00",0,,,,Archive,1,76,0
155,4401225,"2020-09-08 00:00:00",1,,"This is a fake gift message!",,Archive,1,90,0
156,4429568,"2020-09-14 00:00:00",0,,,,Archive,1,77,0
157,4455416,"2020-09-21 00:00:00",0,,,,Archive,1,78,0
158,4455768,"2020-09-21 00:00:00",0,,,,Archive,1,79,0
159,4460617,"2020-09-22 00:00:00",0,,,,Archive,1,80,0
160,4460864,"2020-09-22 00:00:00",0,,,,Archive,1,81,0
161,4461010,"2020-09-22 00:00:00",0,,,,Archive,1,82,0
162,4461556,"2020-09-22 00:00:00",0,,,,Archive,1,83,0
163,4462712,"2020-09-22 00:00:00",0,,,,Archive,1,84,0
164,4460156,"2020-09-23 00:00:00",0,,,,Archive,1,104,0
165,4468162,"2020-09-24 00:00:00",0,,,,Archive,1,85,0
166,4468457,"2020-09-24 00:00:00",0,,,,Archive,1,86,0
167,4471200,"2020-09-24 00:00:00",0,,,,Archive,1,87,0
168,4471202,"2020-09-24 00:00:00",0,,,,Archive,1,88,0
169,4474715,"2020-09-26 00:00:00",0,,,,Archive,1,127,0
170,4466451,"2020-09-26 00:00:00",0,,,,Archive,1,89,0
171,4476702,"2020-09-26 00:00:00",0,,,,Archive,1,92,0
172,4478688,"2020-09-28 00:00:00",0,,,,Archive,1,181,0
173,4485250,"2020-09-29 00:00:00",0,,,,Archive,1,161,0
174,4490164,"2020-10-01 00:00:00",0,,,,Archive,1,105,0
175,4490245,"2020-10-01 00:00:00",0,,,,Archive,1,182,0
176,4490598,"2020-10-01 00:00:00",0,,,,Archive,1,126,0
177,4493076,"2020-10-01 00:00:00",0,,,,Archive,1,90,0
178,4495093,"2020-10-02 00:00:00",0,,,,Archive,1,91,0
179,4512315,"2020-10-07 00:00:00",0,,,,Archive,1,92,0
180,4512526,"2020-10-07 00:00:00",0,,,,Archive,1,93,0
181,4512711,"2020-10-07 00:00:00",0,,,,Archive,1,209,0
182,4513215,"2020-10-07 00:00:00",0,,,,Archive,1,94,0
183,4513585,"2020-10-07 00:00:00",0,,,,Archive,1,95,0
184,4513672,"2020-10-07 00:00:00",0,,,,Archive,1,96,0
185,4513789,"2020-10-07 00:00:00",0,,,,Archive,1,97,0
186,4513953,"2020-10-07 00:00:00",0,,,,Archive,1,98,0
187,4516978,"2020-10-08 00:00:00",0,,,,Archive,1,99,0
188,4522072,"2020-10-09 00:00:00",0,,,,Archive,1,100,0
189,4524661,"2020-10-10 00:00:00",0,,,,Archive,1,101,0
190,4525404,"2020-10-10 00:00:00",0,,,,Archive,1,102,0
191,4527391,"2020-10-11 00:00:00",1,,"This is a fake gift message!",,Archive,1,338,0
192,4536244,"2020-10-13 00:00:00",0,,,,Archive,1,103,0
193,4547014,"2020-10-15 00:00:00",1,,"This is a fake gift message!",,Archive,1,339,0
194,4550302,"2020-10-16 00:00:00",0,,,,Archive,1,104,0
195,4594690,"2020-10-27 00:00:00",0,,,,Archive,1,105,0
196,3549895,"2020-11-02 00:00:00",0,,,,Archive,1,212,0
197,4611403,"2020-11-02 00:00:00",0,,,,Archive,1,106,0
198,4612134,"2020-11-02 00:00:00",0,,,,Archive,1,107,0
199,4614237,"2020-11-02 00:00:00",0,,,,Archive,1,108,0
200,4616303,"2020-11-03 00:00:00",0,,,,Archive,1,211,0
201,4616903,"2020-11-03 00:00:00",0,,,,Archive,1,109,0
202,4625984,"2020-11-06 00:00:00",0,,,,Archive,1,197,0
203,4627651,"2020-11-06 00:00:00",0,,,,Archive,1,110,0
204,4625770,"2020-11-06 00:00:00",0,,,,Archive,1,111,0
205,4649091,"2020-11-13 00:00:00",0,,,,Archive,1,112,0
206,4651460,"2020-11-14 00:00:00",0,,,,Archive,1,113,0
207,4654105,"2020-11-16 00:00:00",0,,,,Archive,1,215,0
208,4655912,"2020-11-16 00:00:00",0,,,,Archive,1,114,0
209,4659348,"2020-11-17 00:00:00",0,,,,Archive,1,115,0
210,4663359,"2020-11-18 00:00:00",0,,,,Archive,1,116,0
211,4665852,"2020-11-19 00:00:00",1,,"This is a fake gift message!",,Archive,1,340,0
212,4666285,"2020-11-19 00:00:00",1,,"This is a fake gift message!",,Archive,1,341,0
213,4666702,"2020-11-19 00:00:00",0,,,,Archive,1,117,0
214,4667702,"2020-11-19 00:00:00",0,,,,Archive,1,256,0
215,4673480,"2020-11-22 00:00:00",0,,,,Archive,1,118,0
216,4673805,"2020-11-22 00:00:00",0,,,,Archive,1,210,0
217,4674551,"2020-11-23 00:00:00",1,,"This is a fake gift message!",,Archive,1,119,0
218,4674573,"2020-11-23 00:00:00",0,,,,Archive,1,119,0
219,4674858,"2020-11-23 00:00:00",0,,,,Archive,1,119,0
220,4674926,"2020-11-23 00:00:00",1,,"This is a fake gift message!",,Archive,1,195,0
221,4676497,"2020-11-23 00:00:00",0,,,,Archive,1,120,0
222,4680150,"2020-11-24 00:00:00",0,,,,Archive,1,121,0
223,4686796,"2020-11-28 00:00:00",0,,,,Archive,1,122,0
224,4689278,"2020-11-30 00:00:00",0,,,,Archive,1,123,0
225,4692031,"2020-11-30 00:00:00",1,,"This is a fake gift message!",,Archive,1,344,0
226,4686725,"2020-11-30 00:00:00",0,,,,Archive,1,124,0
227,4693079,"2020-12-01 00:00:00",0,,,,Archive,1,125,0
228,4694226,"2020-12-01 00:00:00",0,,,,Archive,1,126,0
229,4695333,"2020-12-01 00:00:00",0,,,,Archive,1,127,0
230,4696579,"2020-12-02 00:00:00",0,,,,Archive,1,128,0
231,4697868,"2020-12-02 00:00:00",0,,,,Archive,1,129,0
232,4699228,"2020-12-02 00:00:00",0,,,,Archive,1,130,0
233,4699551,"2020-12-02 00:00:00",1,,"This is a fake gift message!",,Archive,1,342,0
234,4699623,"2020-12-02 00:00:00",0,,,,Archive,1,165,0
235,4699864,"2020-12-02 00:00:00",0,,,,Archive,1,131,0
236,4700830,"2020-12-03 00:00:00",0,,,,Archive,1,132,0
237,4700984,"2020-12-03 00:00:00",0,,,,Archive,1,161,0
238,4702305,"2020-12-03 00:00:00",0,,,,Archive,1,133,0
239,4702321,"2020-12-03 00:00:00",0,,,,Archive,1,236,0
240,4702468,"2020-12-03 00:00:00",0,,,,Archive,1,134,0
241,4702956,"2020-12-03 00:00:00",0,,,,Archive,1,135,0
242,4703003,"2020-12-03 00:00:00",1,,"This is a fake gift message!",,Archive,1,301,0
243,4703012,"2020-12-03 00:00:00",1,,"This is a fake gift message!",,Archive,1,90,0
244,4703452,"2020-12-03 00:00:00",0,,,,Archive,1,136,0
245,4704022,"2020-12-04 00:00:00",0,,,,Archive,1,137,0
246,4704954,"2020-12-04 00:00:00",1,,"This is a fake gift message!",,Archive,1,343,0
247,4705289,"2020-12-04 00:00:00",0,,,,Archive,1,138,0
248,4705640,"2020-12-04 00:00:00",0,,,,Archive,1,139,0
249,4706249,"2020-12-04 00:00:00",0,,,,Archive,1,140,0
250,4706391,"2020-12-04 00:00:00",0,,,,Archive,1,141,0
251,4706932,"2020-12-05 00:00:00",0,,,,Archive,1,197,0
252,4706984,"2020-12-05 00:00:00",1,,"This is a fake gift message!",,Archive,1,197,0
253,4707502,"2020-12-05 00:00:00",1,,"This is a fake gift message!",,Archive,1,95,0
254,4707555,"2020-12-05 00:00:00",0,,,,Archive,1,196,0
255,4709486,"2020-12-06 00:00:00",0,,,,Archive,1,223,0
256,4710853,"2020-12-06 00:00:00",1,,"This is a fake gift message!",,Archive,1,344,0
257,4713794,"2020-12-07 00:00:00",1,,"This is a fake gift message!",,Archive,1,345,0
258,4724602,"2020-12-10 00:00:00",0,,,,Archive,1,251,0
259,4728339,"2020-12-11 00:00:00",1,,"This is a fake gift message!",,Archive,1,49,0
260,4729095,"2020-12-11 00:00:00",1,,"This is a fake gift message!",,Archive,1,346,0
261,4729140,"2020-12-11 00:00:00",1,,"This is a fake gift message!",,Archive,1,346,0
262,4731422,"2020-12-12 00:00:00",1,"Yvonne Harris","This is a fake gift message!",,Archive,1,347,0
263,4731448,"2020-12-12 00:00:00",1,"Olga Klochkova","This is a fake gift message!",,Archive,1,347,0
264,4731493,"2020-12-12 00:00:00",1,"Patrick and Family","This is a fake gift message!",,Archive,1,347,0
265,4731510,"2020-12-12 00:00:00",1,Laurie,"This is a fake gift message!",,Archive,1,347,0
266,4737532,"2020-12-14 00:00:00",1,"Kirk and Maria Cerkanowicz","This is a fake gift message!",,Archive,1,348,0
267,4739503,"2020-12-14 00:00:00",0,,,,Archive,1,142,0
268,4744133,"2020-12-16 00:00:00",0,,,,Archive,1,143,0
269,4751129,"2020-12-17 00:00:00",1,"Aquene and Brian","This is a fake gift message!",,Archive,1,349,0
270,4753751,"2020-12-18 00:00:00",1,"Dodi Hubbard","This is a fake gift message!",,Archive,1,350,0
271,4766223,"2020-12-23 00:00:00",0,,,,Archive,1,160,0
272,4766226,"2020-12-23 00:00:00",1,"Irene Cordova and Howie Aubertin","This is a fake gift message!",,Archive,1,160,0
273,4767740,"2020-12-23 00:00:00",1,"Liz and Ken","This is a fake gift message!",,Archive,1,351,0
274,4767775,"2020-12-24 00:00:00",1,"Tom Atkinson","This is a fake gift message!",,Archive,1,351,0
275,4773836,"2020-12-29 00:00:00",1,"MaryJane Crowley","This is a fake gift message!",,Archive,1,352,0
276,4777255,"2020-12-30 00:00:00",0,,,,Archive,1,144,0
277,4779215,"2021-01-01 00:00:00",1,"Jennifer Gitschier","This is a fake gift message!",,Archive,1,353,0
278,4811907,"2021-01-13 00:00:00",1,"Jon Tashman","This is a fake gift message!",,Archive,1,354,0
279,4819275,"2021-01-15 00:00:00",1,"Theodore & Carolyn Jackson","This is a fake gift message!",,Archive,1,187,0
280,4820783,"2021-01-17 00:00:00",0,,,,Archive,1,145,0
281,4826197,"2021-01-19 00:00:00",1,"Cecelia and Linda","This is a fake gift message!",,Archive,1,355,0
282,4832688,"2021-01-21 00:00:00",0,,,,Archive,1,146,0
283,4833585,"2021-01-21 00:00:00",1,"Cheri LaCounte","This is a fake gift message!",,Archive,1,146,0
284,4859762,"2021-01-29 00:00:00",0,,,,Archive,1,147,0
285,4860437,"2021-01-29 00:00:00",0,,,,Archive,1,148,0
286,4871849,"2021-02-02 00:00:00",0,,,,Archive,1,163,0
287,4873507,"2021-02-03 00:00:00",0,,,,Archive,1,149,0
288,4883527,"2021-02-05 00:00:00",0,,,,Archive,1,150,0
289,4883558,"2021-02-05 00:00:00",0,,,,Archive,1,151,0
290,4888565,"2021-02-08 00:00:00",0,,,,Archive,1,152,0
291,4889138,"2021-02-08 00:00:00",0,,,,Archive,1,153,0
292,4892131,"2021-02-09 00:00:00",0,,,,Archive,1,154,0
293,4894966,"2021-02-09 00:00:00",0,,,,Archive,1,155,0
294,4902550,"2021-02-11 00:00:00",0,,,,Archive,1,156,0
295,4905485,"2021-02-12 00:00:00",0,,,,Archive,1,176,0
296,4907522,"2021-02-13 00:00:00",0,,,,Archive,1,157,0
297,4913671,"2021-02-16 00:00:00",0,,,,Archive,1,201,0
298,4915214,"2021-02-16 00:00:00",0,,,,Archive,1,158,0
299,4923529,"2021-02-18 00:00:00",0,,,,Archive,1,159,0
300,4923787,"2021-02-18 00:00:00",0,,,,Archive,1,160,0
301,4926675,"2021-02-19 00:00:00",0,,,,Archive,1,161,0
302,4930855,"2021-02-21 00:00:00",0,,,,Archive,1,162,0
303,4934425,"2021-02-22 00:00:00",0,,,,Archive,1,163,0
304,4957448,"2021-03-01 00:00:00",0,,,,Archive,1,164,0
305,4959403,"2021-03-01 00:00:00",1,"Dan Seaman WPI '17","This is a fake gift message!",,Archive,1,379,0
306,4959627,"2021-03-01 00:00:00",0,,,,Archive,1,165,0
307,4959857,"2021-03-01 00:00:00",0,,,,Archive,1,166,0
308,4961051,"2021-03-02 00:00:00",0,,,,Archive,1,167,0
309,4962467,"2021-03-02 00:00:00",0,,,,Archive,1,168,0
310,4980161,"2021-03-08 00:00:00",1,"Ana Bak","This is a fake gift message!",,Archive,1,356,0
311,4987886,"2021-03-09 00:00:00",1,"Dr. Erik Hahn","This is a fake gift message!",,Archive,1,200,0
312,4989953,"2021-03-09 00:00:00",1,"Jennifer Felix & Lew Gray","This is a fake gift message!",,Archive,1,357,0
313,4990930,"2021-03-10 00:00:00",0,,,,Archive,1,310,0
314,5001382,"2021-03-13 00:00:00",0,,,,Archive,1,169,0
315,5006378,"2021-03-15 00:00:00",1,"Benjamin Sarkis","This is a fake gift message!",,Archive,1,230,0
316,5018831,"2021-03-18 00:00:00",1,"Mary Emerson","This is a fake gift message!",,Archive,1,358,0
317,5040943,"2021-03-25 00:00:00",0,,,,Archive,1,170,0
318,5062048,"2021-04-01 00:00:00",0,,,,Archive,1,171,0
319,5081066,"2021-04-07 00:00:00",0,,,,Archive,1,172,0
320,5092546,"2021-04-10 00:00:00",0,,,,Archive,1,213,0
321,5094514,"2021-04-11 00:00:00",0,,,,Archive,1,173,0
322,5106967,"2021-04-14 00:00:00",1,"Kelsey Wilkinson","This is a fake gift message!",,Archive,1,359,0
323,5113227,"2021-04-15 00:00:00",0,,,,Archive,1,174,0
324,5114425,"2021-04-16 00:00:00",1,"Mr. Peter Fenner","This is a fake gift message!",,Archive,1,200,0
325,5116120,"2021-04-16 00:00:00",0,,,,Archive,1,175,0
326,5117320,"2021-04-17 00:00:00",0,,,,Archive,1,259,0
327,5119745,"2021-04-18 00:00:00",1,"Tristan Youtz","This is a fake gift message!",,Archive,1,360,0
328,5121212,"2021-04-19 00:00:00",1,"Jonathan/ Jennifer Packard","This is a fake gift message!",,Archive,1,361,0
329,5129359,"2021-04-21 00:00:00",0,,,,Archive,1,176,0
330,5135275,"2021-04-22 00:00:00",1,"Devin Burns","This is a fake gift message!",,Archive,1,230,0
331,5143046,"2021-04-24 00:00:00",0,,,,Archive,1,177,0
332,5166183,"2021-04-29 00:00:00",0,,,,Archive,1,270,0
333,5167515,"2021-04-30 00:00:00",0,,,,Archive,1,178,0
334,5168987,"2021-04-30 00:00:00",1,"Ava Lindberg","This is a fake gift message!",,Archive,1,362,0
335,5172936,"2021-05-02 00:00:00",1,"Betsy Shure Gross","This is a fake gift message!",,Archive,1,379,0
336,5173218,"2021-05-02 00:00:00",0,,,,Archive,1,179,0
337,5190217,"2021-05-06 00:00:00",1,Matt,"This is a fake gift message!",,Archive,1,363,0
338,5196771,"2021-05-09 00:00:00",0,,,,Archive,1,180,0
339,5196935,"2021-05-09 00:00:00",0,,,,Archive,1,181,0
340,5199114,"2021-05-10 00:00:00",0,,,,Archive,1,182,0
341,5202446,"2021-05-10 00:00:00",1,"Zara Alkaff","This is a fake gift message!",,Archive,1,364,0
342,5230131,"2021-05-18 00:00:00",0,,,,Archive,1,183,0
343,5239120,"2021-05-20 00:00:00",0,,,,Archive,1,184,0
344,5260540,"2021-05-26 00:00:00",0,,,,Archive,1,185,0
345,5269055,"2021-05-29 00:00:00",0,,,,Archive,1,186,0
346,5283041,"2021-06-02 00:00:00",0,,,,Archive,1,187,0
347,5283436,"2021-06-03 00:00:00",0,,,,Archive,1,188,0
348,5301214,"2021-06-07 00:00:00",1,"Salvador Ramirez","This is a fake gift message!",,Archive,1,174,0
349,5319681,"2021-06-12 00:00:00",1,"Zoe Neubauer","This is a fake gift message!",,Archive,1,365,0
350,5326096,"2021-06-15 00:00:00",1,"William McAvoy","This is a fake gift message!",,Archive,1,200,0
351,5338858,"2021-06-18 00:00:00",1,"George Oliver","This is a fake gift message!",,Archive,1,200,0
352,5338880,"2021-06-18 00:00:00",1,"Paul kennedy","This is a fake gift message!",,Archive,1,200,0
353,5381316,"2021-07-01 00:00:00",1,"Claudia Petnuch","This is a fake gift message!",,Archive,1,196,0
354,5424251,"2021-07-16 00:00:00",1,"Neil McDonough","This is a fake gift message!",,Archive,1,200,0
355,5480396,"2021-08-04 00:00:00",0,,,,Archive,1,189,0
356,5533432,"2021-08-23 00:00:00",0,,,,Archive,1,307,0
357,5549078,"2021-08-28 00:00:00",0,,,,Archive,1,190,0
358,5558969,"2021-09-01 00:00:00",0,,,,Archive,1,191,0
359,5576778,"2021-09-07 00:00:00",1,"Sophia McClennen","This is a fake gift message!",,Archive,1,366,0
360,5578326,"2021-09-08 00:00:00",1,"Jeremy Hitchcock","This is a fake gift message!",,Archive,1,200,0
361,5609208,"2021-09-17 00:00:00",0,,,,Archive,1,192,0
362,5609271,"2021-09-17 00:00:00",0,,,,Archive,1,193,0
363,5611645,"2021-09-17 00:00:00",0,,,,Archive,1,194,0
364,5612161,"2021-09-18 00:00:00",0,,,,Archive,1,274,0
365,5613962,"2021-09-19 00:00:00",0,,,,Archive,1,195,0
366,5613532,"2021-09-19 00:00:00",0,,,,Archive,1,196,0
367,5631268,"2021-09-24 00:00:00",1,"Tom Lindenfeld","This is a fake gift message!",,Archive,1,168,0
368,5654275,"2021-10-01 00:00:00",0,,,,Archive,1,197,0
369,5656390,"2021-10-02 00:00:00",0,,,,Archive,1,198,0
370,5660736,"2021-10-04 00:00:00",0,,,,Archive,1,199,0
371,5667717,"2021-10-06 00:00:00",0,,,,Archive,1,200,0
372,5671698,"2021-10-07 00:00:00",1,"Rebecca Brenner","This is a fake gift message!",,Archive,1,367,0
373,5676558,"2021-10-08 00:00:00",1,"Jean Paul Balajadia","This is a fake gift message!",,Archive,1,200,0
374,5681157,"2021-10-11 00:00:00",1,"Will Lind","This is a fake gift message!",,Archive,1,49,0
375,5691961,"2021-10-13 00:00:00",0,,,,Archive,1,201,0
376,5716076,"2021-10-20 00:00:00",0,,,,Archive,1,202,0
377,5719749,"2021-10-21 00:00:00",0,,,,Archive,1,203,0
378,5725298,"2021-10-24 00:00:00",0,,,,Archive,1,204,0
379,5728410,"2021-10-25 00:00:00",0,,,,Archive,1,205,0
380,5731179,"2021-10-26 00:00:00",0,,,,Archive,1,206,0
381,5717995,"2021-10-28 00:00:00",0,,,,Archive,1,269,0
382,5744020,"2021-10-29 00:00:00",0,,,,Archive,1,207,0
383,5750048,"2021-11-01 00:00:00",0,,,,Archive,1,208,0
384,5752375,"2021-11-01 00:00:00",0,,,,Archive,1,209,0
385,5764840,"2021-11-04 00:00:00",0,,,,Archive,1,210,0
386,5764870,"2021-11-04 00:00:00",0,,,,Archive,1,210,0
387,5764884,"2021-11-04 00:00:00",0,,,,Archive,1,210,0
388,5771827,"2021-11-06 00:00:00",1,"Sarie Kinsella","This is a fake gift message!",,Archive,1,368,0
389,5789464,"2021-11-11 00:00:00",0,,,,Archive,1,211,0
390,5792136,"2021-11-12 00:00:00",0,,,,Archive,1,212,0
391,5814106,"2021-11-19 00:00:00",0,,,,Archive,1,213,0
392,5815708,"2021-11-19 00:00:00",0,,,,Archive,1,214,0
393,5822340,"2021-11-22 00:00:00",0,,,,Archive,1,215,0
394,5823498,"2021-11-23 00:00:00",0,,,,Archive,1,292,0
395,5824391,"2021-11-23 00:00:00",0,,,,Archive,1,216,0
396,5824909,"2021-11-23 00:00:00",0,,,,Archive,1,243,0
397,5832279,"2021-11-27 00:00:00",0,,,,Archive,1,217,0
398,5832381,"2021-11-27 00:00:00",1,"Laura Gregory","This is a fake gift message!",,Archive,1,369,0
399,5832564,"2021-11-27 00:00:00",0,,,,Archive,1,218,0
400,5832741,"2021-11-27 00:00:00",0,,,,Archive,1,219,0
401,5832852,"2021-11-27 00:00:00",0,,,,Archive,1,220,0
402,5832901,"2021-11-27 00:00:00",0,,,,Archive,1,221,0
403,5833011,"2021-11-27 00:00:00",1,"Robert Kschinka","This is a fake gift message!",,Archive,1,222,0
404,5833008,"2021-11-27 00:00:00",0,,,,Archive,1,222,0
405,5833374,"2021-11-28 00:00:00",1,"Nicole Berndt","This is a fake gift message!",,Archive,1,370,0
406,5835413,"2021-11-29 00:00:00",0,,,,Archive,1,300,0
407,5837977,"2021-11-29 00:00:00",1,"Zoe Neubauer","This is a fake gift message!",,Archive,1,172,0
408,5838657,"2021-11-29 00:00:00",0,,,,Archive,1,311,0
409,5844366,"2021-12-01 00:00:00",0,,,,Archive,1,310,0
410,5844436,"2021-12-01 00:00:00",0,,,,Archive,1,223,0
411,5846784,"2021-12-01 00:00:00",0,,,,Archive,1,224,0
412,5846844,"2021-12-01 00:00:00",0,,,,Archive,1,298,0
413,5847105,"2021-12-01 00:00:00",1,"Lee Reynolds","This is a fake gift message!",,Archive,1,371,0
414,5847235,"2021-12-01 00:00:00",0,,,,Archive,1,225,0
415,5488348,"2021-12-02 00:00:00",0,,,,Archive,1,307,0
416,5848409,"2021-12-02 00:00:00",0,,,,Archive,1,226,0
417,5848547,"2021-12-02 00:00:00",1,"Tamar Lindsay","This is a fake gift message!",,Archive,1,82,0
418,5848606,"2021-12-02 00:00:00",1,"Lisa Lindsay","This is a fake gift message!",,Archive,1,82,0
419,5848685,"2021-12-02 00:00:00",0,,,,Archive,1,227,0
420,5818031,"2021-12-02 00:00:00",0,,,,Archive,1,228,0
421,5850640,"2021-12-02 00:00:00",0,,,,Archive,1,229,0
422,5852937,"2021-12-03 00:00:00",0,,,,Archive,1,230,0
423,5854165,"2021-12-04 00:00:00",1,"The Hurleys","This is a fake gift message!",,Archive,1,372,0
424,5854346,"2021-12-04 00:00:00",0,,,,Archive,1,231,0
425,5854681,"2021-12-05 00:00:00",0,,,,Archive,1,232,0
426,5854706,"2021-12-05 00:00:00",0,,,,Archive,1,233,0
427,5857277,"2021-12-06 00:00:00",1,"Amanda Lota?","This is a fake gift message!",,Archive,1,373,0
428,5859356,"2021-12-06 00:00:00",1,"Judy Sarkis","This is a fake gift message!",,Archive,1,230,0
429,5863757,"2021-12-08 00:00:00",1,"Lucy Cimini","This is a fake gift message!",,Archive,1,374,0
430,5865560,"2021-12-08 00:00:00",0,,,,Archive,1,234,0
431,5866334,"2021-12-08 00:00:00",0,,,,Archive,1,235,0
432,5867197,"2021-12-09 00:00:00",0,,,,Archive,1,236,0
433,5868033,"2021-12-09 00:00:00",0,,,,Archive,1,237,0
434,5869914,"2021-12-09 00:00:00",1,"James Rockwell","This is a fake gift message!",,Archive,1,375,0
435,5868709,"2021-12-09 00:00:00",0,,,,Archive,1,238,0
436,5871503,"2021-12-10 00:00:00",0,,,,Archive,1,239,0
437,5873315,"2021-12-10 00:00:00",0,,,,Archive,1,240,0
438,5873242,"2021-12-10 00:00:00",0,,,,Archive,1,241,0
439,5872941,"2021-12-10 00:00:00",0,,,,Archive,1,242,0
440,5874795,"2021-12-12 00:00:00",0,,,,Archive,1,243,0
441,5875713,"2021-12-12 00:00:00",0,,,,Archive,1,244,0
442,5877167,"2021-12-13 00:00:00",1,"Elaine and Richard","This is a fake gift message!",,Archive,1,200,0
443,5881158,"2021-12-14 00:00:00",0,,,,Archive,1,245,0
444,5882881,"2021-12-14 00:00:00",0,,,,Archive,1,304,0
445,5885588,"2021-12-15 00:00:00",0,,,,Archive,1,246,0
447,5889136,"2021-12-16 00:00:00",1,"Wiliiam Fitzgerald",,,Archive,1,200,0
448,5892602,"2021-12-17 00:00:00",0,,,,Archive,1,247,0
450,5894684,"2021-12-19 00:00:00",0,,,,Archive,1,248,0
451,5903768,"2021-12-23 00:00:00",1,"Rick Pollak","This is a fake gift message!",,Archive,1,376,0
452,5906792,"2021-12-26 00:00:00",1,"Bill Lester","This is a fake gift message!",,Archive,1,377,0
453,5915877,"2021-12-30 00:00:00",1,"Dumke Family","This is a fake gift message!",,Archive,1,378,0
454,5917966,"2022-01-01 00:00:00",1,Lilly,"This is a fake gift message!",,Archive,1,3,0
455,5877167,"2021-12-13 00:00:00",1,"Elaine and Richard","This is a fake gift message!",,Archive,1,200,0
456,5978576,"2022-01-23 00:00:00",0,,,,Complete,1,249,0
457,6006594,"2022-02-01 00:00:00",0,,,,Complete,1,256,0
458,6007540,"2022-02-01 00:00:00",0,,,,Complete,1,250,0
459,6007923,"2022-02-01 00:00:00",0,,,,Complete,1,251,0
460,6016065,"2022-02-03 00:00:00",0,,,,Complete,1,252,0
461,6030755,"2010-02-08 00:00:00",0,,,,Complete,1,281,0
462,6038809,"2022-02-10 00:00:00",1,"David and Marni Hayhurst","This is a fake gift message!",,Complete,1,200,0
463,6053190,"2022-02-14 00:00:00",0,,,,Complete,1,253,0
464,6067151,"2022-02-17 00:00:00",1,"Kevin Stojanovski","This is a fake gift message!",,Complete,1,230,0
465,6068333,"2022-02-17 00:00:00",0,,,,Complete,1,254,0
466,6076311,"2022-02-20 00:00:00",0,,,,Complete,1,255,0
467,6078349,"2022-02-21 00:00:00",0,,,,Complete,1,307,0
468,6006594,"2022-02-01 00:00:00",0,,,,Complete,1,256,0
469,6085647,"2022-02-22 00:00:00",0,,,,Complete,1,257,0
470,6082202,"2022-02-22 00:00:00",0,,,,Complete,1,258,0
471,6105703,"2022-03-01 00:00:00",0,,,,Complete,1,259,0
472,6105369,"2022-03-01 00:00:00",0,,,,Complete,1,260,0
473,6108137,"2022-03-01 00:00:00",0,,,,Complete,1,261,0
474,6108891,"2022-03-01 00:00:00",1,"Barry Nelson","This is a fake gift message!",,Complete,1,379,0
475,6109621,"2022-03-02 00:00:00",0,,,,Complete,1,262,0
476,6121071,"2022-03-05 00:00:00",1,,,,Complete,1,263,0
477,6138951,"2022-03-10 00:00:00",1,"Robert Mason","This is a fake gift message!",,Complete,1,200,0
478,6147799,"2022-03-13 00:00:00",0,,,,Complete,1,307,0
479,6149507,"2022-03-14 00:00:00",1,"Steve Halstedt","This is a fake gift message!",,Complete,1,200,0
480,6149561,"2022-03-14 00:00:00",1,"Dr. Eric Hahn","This is a fake gift message!",,Complete,1,200,0
481,6161128,"2022-03-16 00:00:00",0,,,,Complete,1,264,0
482,6167224,"2022-03-18 00:00:00",0,,,,Complete,1,265,0
483,6172095,"2022-03-21 00:00:00",1,"David Schwaber","This is a fake gift message!",,Complete,1,200,0
484,6197504,"2022-03-29 00:00:00",0,,,,Complete,1,266,0
485,6207520,"2022-03-31 00:00:00",0,,,,Complete,1,267,0
486,6208355,"2022-03-31 00:00:00",0,,,,Complete,1,268,0
487,6209541,"2022-04-01 00:00:00",0,,,,Complete,1,269,0
488,6210268,"2022-04-01 00:00:00",0,,,,Complete,1,270,0
489,6210665,"2022-04-01 00:00:00",0,,,,Complete,1,271,0
490,6210706,"2022-04-01 00:00:00",0,,,,Complete,1,272,0
491,6212006,"2022-04-02 00:00:00",0,,,,Complete,1,304,0
492,6212389,"2022-04-02 00:00:00",0,,,,Complete,1,273,0
493,6215266,"2022-04-04 00:00:00",0,,,,Complete,1,274,0
494,6215483,"2022-04-04 00:00:00",1,"Robert Martin","This is a fake gift message!",,Complete,1,200,0
495,6215507,"2022-04-04 00:00:00",1,"Andrea Kaneb","This is a fake gift message!",,Complete,1,200,0
496,6219017,"2022-04-05 00:00:00",0,,,,Complete,1,275,0
497,6220258,"2022-04-05 00:00:00",0,,,,Complete,1,276,0
498,6227349,"2022-04-07 00:00:00",0,,,,Complete,1,277,0
499,6228655,"2022-04-07 00:00:00",0,,,,Complete,1,278,0
500,6228756,"2022-04-07 00:00:00",1,"Gary & Louise Popkin","This is a fake gift message!",,Complete,1,380,0
501,6236259,"2022-04-11 00:00:00",0,,,,Complete,1,279,0
502,6240717,"2022-04-12 00:00:00",0,,,,Complete,1,280,0
503,6248772,"2022-04-14 00:00:00",1,"Beverly Emmons","This is a fake gift message!",,Complete,1,200,0
504,6273658,"2022-04-23 00:00:00",1,"Samantha Davis and Matt Covalt","This is a fake gift message!",,Complete,1,182,0
505,6274438,"2022-04-24 00:00:00",0,,,,Complete,1,281,0
506,6276128,"2022-04-25 00:00:00",1,"Dr. Jon Morse","This is a fake gift message!",,Complete,1,200,0
507,6276472,"2022-04-25 00:00:00",0,,,,Complete,1,282,0
508,6284691,"2022-04-27 00:00:00",1,"	Elizabeth Mae, Rachel, & Chase Ryan","This is a fake gift message!",,Complete,1,286,0
509,6287115,"2022-04-28 00:00:00",0,,,,Complete,1,282,0
510,6287278,"2022-04-28 00:00:00",0,,,,Complete,1,283,0
511,6291544,"2022-04-29 00:00:00",0,,,,Complete,1,284,0
512,6295708,"2022-05-01 00:00:00",0,,,,Complete,1,285,0
513,6295884,"2022-05-01 00:00:00",1,"Colleen and Aaron Pierce","This is a fake gift message!",,Complete,1,381,0
514,6295291,"2022-05-01 00:00:00",1,"Jane Rygg","This is a fake gift message!",,Complete,1,382,0
515,6298174,"2022-05-02 00:00:00",1,"Mary Ryan","This is a fake gift message!",,Complete,1,286,0
516,6298245,"2022-05-02 00:00:00",0,,,,Complete,1,286,0
517,6320061,"2022-05-09 00:00:00",1,"Tina Thomas","This is a fake gift message!",,Complete,1,383,0
518,6327712,"2022-05-11 00:00:00",1,"Marnie Warner","This is a fake gift message!",,Complete,1,384,0
519,6329299,"2022-05-11 00:00:00",0,,,,Complete,1,287,0
520,6341205,"2022-05-16 00:00:00",1,"Edward Scherer","This is a fake gift message!",,Complete,1,200,0
521,6361758,"2022-05-21 00:00:00",1,"David Lind","This is a fake gift message!",,Complete,1,49,0
522,6382320,"2022-05-28 00:00:00",0,,,,Complete,1,309,0
523,6393855,"2022-06-01 00:00:00",0,,,,Complete,1,287,0
524,6491973,"2022-07-05 00:00:00",1,"Patty Patria","This is a fake gift message!",,Complete,1,385,0
525,6508373,"2022-07-10 00:00:00",1,"Elizabeth Brousseau","This is a fake gift message!",,Complete,1,386,0
526,6525659,"2022-07-15 00:00:00",0,,,,Complete,1,288,0
527,6566123,"2022-07-29 00:00:00",1,"Lentz, Danielle","This is a fake gift message!",,Complete,1,387,0
528,6571054,"2022-07-30 00:00:00",0,,,,Complete,1,298,0
529,6597679,"2022-08-05 00:00:00",0,,,,Complete,1,289,0
530,6607625,"2022-08-08 00:00:00",0,,,,Complete,1,290,0
531,6656558,"2022-08-21 00:00:00",0,,,,Complete,1,291,0
532,6665901,"2022-08-23 00:00:00",1,"Thomas McGee","This is a fake gift message!",,Complete,1,200,0
533,6694564,"2022-08-30 00:00:00",1,"Loretta Smith","This is a fake gift message!",,Complete,1,301,0
534,6718097,"2022-09-05 00:00:00",0,,,,Complete,1,292,0
535,6771142,"2022-09-17 00:00:00",0,,,,Complete,1,293,0
536,6771982,"2022-09-18 00:00:00",1,"Jenny Patterson","This is a fake gift message!",,Complete,1,388,0
537,6779249,"2022-09-20 00:00:00",0,,,,Complete,1,294,0
538,6783750,"2022-09-20 00:00:00",0,,,,Complete,1,295,0
539,6793132,"2022-09-23 00:00:00",0,,,,Complete,1,296,0
540,6828777,"2022-10-03 00:00:00",0,,,,Complete,1,297,0
541,6830254,"2022-10-03 00:00:00",0,,,,Complete,1,298,0
542,6875272,"2022-10-13 00:00:00",1,"Robert Sherburne","This is a fake gift message!",,Complete,1,200,0
543,6881047,"2022-10-14 00:00:00",0,,,,Complete,1,299,0
544,6892183,"2022-10-18 00:00:00",1,"Judith Nitsch","This is a fake gift message!",,Complete,1,200,0
545,6949601,"2022-11-01 00:00:00",0,,,,Complete,1,300,0
546,6949782,"2022-11-01 00:00:00",0,,,,Complete,1,310,0
547,6971729,"2022-11-06 00:00:00",0,,,,Complete,1,301,0
548,6988816,"2022-11-09 00:00:00",0,,,,Complete,1,302,0
549,6992663,"2022-11-10 00:00:00",0,,,,Complete,1,303,0
550,7006568,"2022-11-14 00:00:00",0,,,,Complete,1,304,0
551,7026136,"2022-11-19 00:00:00",0,,,,Complete,1,305,0
552,7049823,"2022-11-29 00:00:00",0,,,,Complete,1,306,0
553,7051832,"2022-11-29 00:00:00",0,,,,Complete,1,307,0
554,7053041,"2022-11-30 00:00:00",0,,,,Complete,1,308,0
555,7056825,"2022-12-01 00:00:00",0,,,,Complete,1,309,0
556,7064796,"2022-12-01 00:00:00",1,"Janet and Robert Hall","This is a fake gift message!",,Complete,1,389,0
557,7064819,"2022-12-01 00:00:00",1,"Wallace and Jean Wilke","This is a fake gift message!",,Complete,1,389,0
558,7068534,"2022-12-02 00:00:00",0,,,,Complete,1,310,0
559,5838657,"2021-11-29 00:00:00",0,,,,Archive,1,311,0
560,So1,"2019-02-20 00:00:00",0,,,,Archive,1,390,1
561,So2,"2019-03-28 00:00:00",0,,,,Archive,1,390,1
562,So3,"2019-03-28 00:00:00",0,,,,Archive,1,391,1
563,So4,"2019-08-27 00:00:00",0,,,,Archive,1,392,1
564,So5,"2019-09-12 00:00:00",0,,,,Archive,1,393,1
565,So6,"2019-09-20 00:00:00",0,,,,Archive,1,394,1
566,So7,"2019-10-22 00:00:00",0,,,,Archive,1,392,1
567,So8,"2019-11-23 00:00:00",0,,,,Archive,1,400,1
568,So9,"2019-11-16 00:00:00",0,,,,Archive,1,395,1
569,So10,"2019-11-22 00:00:00",0,,,,Archive,1,396,1
570,So11,"2020-01-12 00:00:00",0,,,,Archive,1,397,1
571,So12,"2020-02-12 00:00:00",0,,,,Archive,1,397,1
572,So13,"2020-09-18 00:00:00",0,,,,Archive,1,398,1
573,So14,"2020-10-01 00:00:00",0,,,,Archive,1,398,1
574,So15,"2020-10-02 00:00:00",0,,,,Archive,1,390,1
575,So16,"2020-10-28 00:00:00",0,,,,Archive,1,398,1
576,So17,"2020-12-01 00:00:00",0,,,,Archive,1,399,1
577,So18,"2020-12-02 00:00:00",0,,,,Archive,1,390,1
591,newOrderEdit,"2023-04-12 00:00:00",0,,,,Placed,41,407,0
595,testingApp1,"2023-04-20 00:00:00",0,,,,Placed,44,415,0
596,referenceNumber,"2023-04-20 00:00:00",0,,,,Placed,45,416,0
597,newOrderTest,"2023-04-20 00:00:00",1,Mom,"Love you!",,Placed,46,417,0
