lineOrderID,lineProductID,qtyOrdered
1,jHG5,1
1,jCRA,1
1,jPL5,1
1,jSM4,1
1,jCA6,1
1,jCHO,1
1,jCHI,1
1,jPI5,1
1,jFF6,1
1,jBL6,1
2,jHG5,1
2,jCRA,1
2,jPL5,1
2,jSM4,1
2,jCA6,1
2,jCHO,1
2,jCHI,1
2,jPI5,1
2,jFF6,1
2,jBL6,1
3,jHG5,1
3,jCRA,1
3,jPL5,1
3,jSM4,1
3,jCA6,1
3,jCHO,1
3,jCHI,1
3,jPI5,1
3,jFF6,1
3,jBL6,1
4,jHG5,1
4,jCRA,1
4,jPL5,1
4,jSM4,1
4,jCA6,1
4,jCHO,1
4,jCHI,1
4,jPI5,1
4,jFF6,1
4,jBL6,1
5,jHG5,1
5,jCRA,1
5,jPL5,1
5,jSM4,1
5,jCA6,1
5,jCHO,1
5,jCHI,1
5,jPI5,1
5,jFF6,1
5,jBL6,1
6,jHG5,1
6,jCRA,1
6,jPL5,1
6,jSM4,1
6,jCA6,1
6,jCHO,1
6,jCHI,1
6,jPI5,1
6,jFF6,1
6,jBL6,1
7,jHG5,1
7,jCRA,1
7,jPL5,1
7,jSM4,1
7,jCA6,1
7,jCHO,1
7,jCHI,1
7,jPI5,1
7,jFF6,1
7,jBL6,1
8,jHG5,1
8,jCRA,1
8,jPL5,1
8,jSM4,1
8,jCA6,1
8,jCHO,1
8,jCHI,1
8,jPI5,1
8,jFF6,1
8,jBL6,1
9,jHG5,1
9,jCRA,1
9,jPL5,1
9,jSM4,1
9,jCA6,1
9,jCHO,1
9,jCHI,1
9,jPI5,1
9,jFF6,1
9,jBL6,1
10,jHG5,1
10,jCRA,1
10,jPL5,1
10,jSM4,1
10,jCA6,1
10,jCHO,1
10,jCHI,1
10,jPI5,1
10,jFF6,1
10,jBL6,1
11,jHG5,1
11,jCRA,1
11,jPL5,1
11,jSM4,1
11,jCA6,1
11,jCHO,1
11,jCHI,1
11,jPI5,1
11,jFF6,1
11,jBL6,1
12,jHG5,1
12,jCRA,1
12,jPL5,1
12,jSM4,1
12,jCA6,1
12,jCHO,1
12,jCHI,1
12,jPI5,1
12,jFF6,1
12,jBL6,1
13,jHG5,1
13,jCRA,1
13,jPL5,1
13,jSM4,1
13,jCA6,1
13,jCHO,1
13,jCHI,1
13,jPI5,1
13,jFF6,1
13,jBL6,1
14,jHG5,1
14,jCRA,1
14,jPL5,1
14,jSM4,1
14,jCA6,1
14,jCHO,1
14,jCHI,1
14,jPI5,1
14,jFF6,1
14,jBL6,1
15,jHG5,1
15,jCRA,1
15,jPL5,1
15,jSM4,1
15,jCA6,1
15,jCHO,1
15,jCHI,1
15,jPI5,1
15,jFF6,1
15,jBL6,1
16,jHG5,1
16,jCRA,1
16,jPL5,1
16,jSM4,1
16,jCA6,1
16,jCHO,1
16,jCHI,1
16,jPI5,1
16,jFF6,1
16,jBL6,1
17,jHG5,1
17,jCRA,1
17,jPL5,1
17,jSM4,1
17,jCA6,1
17,jCHO,1
17,jCHI,1
17,jPI5,1
17,jFF6,1
17,jBL6,1
18,jHG5,1
18,jCRA,1
18,jPL5,1
18,jSM4,1
18,jCA6,1
18,jCHO,1
18,jCHI,1
18,jPI5,1
18,jFF6,1
18,jBL6,1
19,jHG5,1
19,jCRA,1
19,jPL5,1
19,jSM4,1
19,jCA6,1
19,jCHO,1
19,jCHI,1
19,jPI5,1
19,jFF6,1
19,jBL6,1
20,jHG5,1
20,jCRA,1
20,jPL5,1
20,jSM4,1
20,jCA6,1
20,jCHO,1
20,jCHI,1
20,jPI5,1
20,jFF6,1
20,jBL6,1
21,jHG5,1
21,jCRA,1
21,jPL5,1
21,jSM4,1
21,jCA6,1
21,jCHO,1
21,jCHI,1
21,jPI5,1
21,jFF6,1
21,jBL6,1
22,jHG5,1
22,jCRA,1
22,jPL5,1
22,jSM4,1
22,jCA6,1
22,jCHO,1
22,jCHI,1
22,jPI5,1
22,jFF6,1
22,jBL6,1
23,jHG5,1
23,jCRA,1
23,jPL5,1
23,jSM4,1
23,jCA6,1
23,jCHO,1
23,jCHI,1
23,jPI5,1
23,jFF6,1
23,jBL6,1
24,jHG5,1
24,jCRA,1
24,jPL5,1
24,jSM4,1
24,jCA6,1
24,jCHO,1
24,jCHI,1
24,jPI5,1
24,jFF6,1
24,jBL6,1
25,jHG5,1
25,jCRA,1
25,jPL5,1
25,jSM4,1
25,jCA6,1
25,jCHO,1
25,jCHI,1
25,jPI5,1
25,jFF6,1
25,jBL6,1
26,jHG5,1
26,jCRA,1
26,jPL5,1
26,jSM4,1
26,jCA6,1
26,jCHO,1
26,jCHI,1
26,jPI5,1
26,jFF6,1
26,jBL6,1
27,jHG5,1
27,jCRA,1
27,jPL5,1
27,jSM4,1
27,jCA6,1
27,jCHO,1
27,jCHI,1
27,jPI5,1
27,jFF6,1
27,jBL6,1
28,jHG5,1
28,jCRA,1
28,jPL5,1
28,jSM4,1
28,jCA6,1
28,jCHO,1
28,jCHI,1
28,jPI5,1
28,jFF6,1
28,jBL6,1
29,jHG5,1
29,jCRA,1
29,jPL5,1
29,jSM4,1
29,jCA6,1
29,jCHO,1
29,jCHI,1
29,jPI5,1
29,jFF6,1
29,jBL6,1
30,jHG5,1
30,jCRA,1
30,jPL5,1
30,jSM4,1
30,jCA6,1
30,jCHO,1
30,jCHI,1
30,jPI5,1
30,jFF6,1
30,jBL6,1
31,jHG5,1
31,jCRA,1
31,jPL5,1
31,jSM4,1
31,jCA6,1
31,jCHO,1
31,jCHI,1
31,jPI5,1
31,jFF6,1
31,jBL6,1
32,jHG5,1
32,jCRA,1
32,jPL5,1
32,jSM4,1
32,jCA6,1
32,jCHO,1
32,jCHI,1
32,jPI5,1
32,jFF6,1
32,jBL6,1
33,jHG5,1
33,jCRA,1
33,jPL5,1
33,jSM4,1
33,jCA6,1
33,jCHO,1
33,jCHI,1
33,jPI5,1
33,jFF6,1
33,jBL6,1
34,jHG5,1
34,jCRA,1
34,jPL5,1
34,jSM4,1
34,jCA6,1
34,jCHO,1
34,jCHI,1
34,jPI5,1
34,jFF6,1
34,jBL6,1
35,jHG5,1
35,jCRA,1
35,jPL5,1
35,jSM4,1
35,jCA6,1
35,jCHO,1
35,jCHI,1
35,jPI5,1
35,jFF6,1
35,jBL6,1
36,jHG5,1
36,jCRA,1
36,jPL5,1
36,jSM4,1
36,jCA6,1
36,jCHO,1
36,jCHI,1
36,jPI5,1
36,jFF6,1
36,jBL6,1
37,jHG5,1
37,jCRA,1
37,jPL5,1
37,jSM4,1
37,jCA6,1
37,jCHO,1
37,jCHI,1
37,jPI5,1
37,jFF6,1
37,jBL6,1
38,jHG5,1
38,jCRA,1
38,jPL5,1
38,jSM4,1
38,jCA6,1
38,jCHO,1
38,jCHI,1
38,jPI5,1
38,jFF6,1
38,jBL6,1
39,jHG5,1
39,jCRA,1
39,jPL5,1
39,jSM4,1
39,jCA6,1
39,jCHO,1
39,jCHI,1
39,jPI5,1
39,jFF6,1
39,jBL6,1
40,jHG5,1
40,jCRA,1
40,jPL5,1
40,jSM4,1
40,jCA6,1
40,jCHO,1
40,jCHI,1
40,jPI5,1
40,jFF6,1
40,jBL6,1
41,jHG5,1
41,jCRA,1
41,jPL5,1
41,jSM4,1
41,jCA6,1
41,jCHO,1
41,jCHI,1
41,jPI5,1
41,jFF6,1
41,jBL6,1
42,jHG5,1
42,jCRA,1
42,jPL5,1
42,jSM4,1
42,jCA6,1
42,jCHO,1
42,jCHI,1
42,jPI5,1
42,jFF6,1
42,jBL6,1
43,jHG5,1
43,jCRA,1
43,jPL5,1
43,jSM4,1
43,jCA6,1
43,jCHO,1
43,jCHI,1
43,jPI5,1
43,jFF6,1
43,jBL6,1
44,jHG5,1
44,jCRA,1
44,jPL5,1
44,jSM4,1
44,jCA6,1
44,jCHO,1
44,jCHI,1
44,jPI5,1
44,jFF6,1
44,jBL6,1
45,jHG5,1
45,jCRA,1
45,jPL5,1
45,jSM4,1
45,jCA6,1
45,jCHO,1
45,jCHI,1
45,jPI5,1
45,jFF6,1
45,jBL6,1
46,jHG5,1
46,jCRA,1
46,jPL5,1
46,jSM4,1
46,jCA6,1
46,jCHO,1
46,jCHI,1
46,jPI5,1
46,jFF6,1
46,jBL6,1
47,jHG5,1
47,jCRA,1
47,jPL5,1
47,jSM4,1
47,jCA6,1
47,jCHO,1
47,jCHI,1
47,jPI5,1
47,jFF6,1
47,jBL6,1
48,jHG5,1
48,jCRA,1
48,jPL5,1
48,jSM4,1
48,jCA6,1
48,jCHO,1
48,jCHI,1
48,jPI5,1
48,jFF6,1
48,jBL6,1
49,jHG5,1
49,jCRA,1
49,jPL5,1
49,jSM4,1
49,jCA6,1
49,jCHO,1
49,jCHI,1
49,jPI5,1
49,jFF6,1
49,jBL6,1
50,jHG5,1
50,jCRA,1
50,jPL5,1
50,jSM4,1
50,jCA6,1
50,jCHO,1
50,jCHI,1
50,jPI5,1
50,jFF6,1
50,jBL6,1
51,jHG5,1
51,jCRA,1
51,jPL5,1
51,jSM4,1
51,jCA6,1
51,jCHO,1
51,jCHI,1
51,jPI5,1
51,jFF6,1
51,jBL6,1
52,jHG5,1
52,jCRA,1
52,jPL5,1
52,jSM4,1
52,jCA6,1
52,jCHO,1
52,jCHI,1
52,jPI5,1
52,jFF6,1
52,jBL6,1
53,jHG5,1
53,jCRA,1
53,jPL5,1
53,jSM4,1
53,jCA6,1
53,jCHO,1
53,jCHI,1
53,jPI5,1
53,jFF6,1
53,jBL6,1
54,jHG5,1
54,jCRA,1
54,jPL5,1
54,jSM4,1
54,jCA6,1
54,jCHO,1
54,jCHI,1
54,jPI5,1
54,jFF6,1
54,jBL6,1
55,jHG5,1
55,jCRA,1
55,jPL5,1
55,jSM4,1
55,jCA6,1
55,jCHO,1
55,jCHI,1
55,jPI5,1
55,jFF6,1
55,jBL6,1
56,jHG5,1
56,jCRA,1
56,jPL5,1
56,jSM4,1
56,jCA6,1
56,jCHO,1
56,jCHI,1
56,jPI5,1
56,jFF6,1
56,jBL6,1
57,jHG5,1
57,jCRA,1
57,jPL5,1
57,jSM4,1
57,jCA6,1
57,jCHO,1
57,jCHI,1
57,jPI5,1
57,jFF6,1
57,jBL6,1
58,jHG5,1
58,jCRA,1
58,jPL5,1
58,jSM4,1
58,jCA6,1
58,jCHO,1
58,jCHI,1
58,jPI5,1
58,jFF6,1
58,jBL6,1
59,jHG5,1
59,jCRA,1
59,jPL5,1
59,jSM4,1
59,jCA6,1
59,jCHO,1
59,jCHI,1
59,jPI5,1
59,jFF6,1
59,jBL6,1
60,jHG5,1
60,jCRA,1
60,jPL5,1
60,jSM4,1
60,jCA6,1
60,jCHO,1
60,jCHI,1
60,jPI5,1
60,jFF6,1
60,jBL6,1
61,jHG5,1
61,jCRA,1
61,jPL5,1
61,jSM4,1
61,jCA6,1
61,jCHO,1
61,jCHI,1
61,jPI5,1
61,jFF6,1
61,jBL6,1
62,jHG5,1
62,jCRA,1
62,jPL5,1
62,jSM4,1
62,jCA6,1
62,jCHO,1
62,jCHI,1
62,jPI5,1
62,jFF6,1
62,jBL6,1
63,jHG5,1
63,jCRA,1
63,jPL5,1
63,jSM4,1
63,jCA6,1
63,jCHO,1
63,jCHI,1
63,jPI5,1
63,jFF6,1
63,jBL6,1
64,jHG5,1
64,jCRA,1
64,jPL5,1
64,jSM4,1
64,jCA6,1
64,jCHO,1
64,jCHI,1
64,jPI5,1
64,jFF6,1
64,jBL6,1
65,jHG5,1
65,jCRA,1
65,jPL5,1
65,jSM4,1
65,jCA6,1
65,jCHO,1
65,jCHI,1
65,jPI5,1
65,jFF6,1
65,jBL6,1
66,jHG5,1
66,jCRA,1
66,jPL5,1
66,jSM4,1
66,jCA6,1
66,jCHO,1
66,jCHI,1
66,jPI5,1
66,jFF6,1
66,jBL6,1
67,jHG5,1
67,jCRA,1
67,jPL5,1
67,jSM4,1
67,jCA6,1
67,jCHO,1
67,jCHI,1
67,jPI5,1
67,jFF6,1
67,jBL6,1
68,jHG5,1
68,jCRA,1
68,jPL5,1
68,jSM4,1
68,jCA6,1
68,jCHO,1
68,jCHI,1
68,jPI5,1
68,jFF6,1
68,jBL6,1
69,jHG5,1
69,jCRA,1
69,jPL5,1
69,jSM4,1
69,jCA6,1
69,jCHO,1
69,jCHI,1
69,jPI5,1
69,jFF6,1
69,jBL6,1
70,jHG5,1
70,jCRA,1
70,jPL5,1
70,jSM4,1
70,jCA6,1
70,jCHO,1
70,jCHI,1
70,jPI5,1
70,jFF6,1
70,jBL6,1
71,jHG5,1
71,jCRA,1
71,jPL5,1
71,jSM4,1
71,jCA6,1
71,jCHO,1
71,jCHI,1
71,jPI5,1
71,jFF6,1
71,jBL6,1
72,jHG5,1
72,jCRA,1
72,jPL5,1
72,jSM4,1
72,jCA6,1
72,jCHO,1
72,jCHI,1
72,jPI5,1
72,jFF6,1
72,jBL6,1
73,jHG5,1
73,jCRA,1
73,jPL5,1
73,jSM4,1
73,jCA6,1
73,jCHO,1
73,jCHI,1
73,jPI5,1
73,jFF6,1
73,jBL6,1
74,jHG5,1
74,jCRA,1
74,jPL5,1
74,jSM4,1
74,jCA6,1
74,jCHO,1
74,jCHI,1
74,jPI5,1
74,jFF6,1
74,jBL6,1
75,jHG5,1
75,jCRA,1
75,jPL5,1
75,jSM4,1
75,jCA6,1
75,jCHO,1
75,jCHI,1
75,jPI5,1
75,jFF6,1
75,jBL6,1
76,jHG5,1
76,jCRA,1
76,jPL5,1
76,jSM4,1
76,jCA6,1
76,jCHO,1
76,jCHI,1
76,jPI5,1
76,jFF6,1
76,jBL6,1
77,jHG5,1
77,jCRA,1
77,jPL5,1
77,jSM4,1
77,jCA6,1
77,jCHO,1
77,jCHI,1
77,jPI5,1
77,jFF6,1
77,jBL6,1
78,jHG5,1
78,jCRA,1
78,jPL5,1
78,jSM4,1
78,jCA6,1
78,jCHO,1
78,jCHI,1
78,jPI5,1
78,jFF6,1
78,jBL6,1
79,jHG5,1
79,jCRA,1
79,jPL5,1
79,jSM4,1
79,jCA6,1
79,jCHO,1
79,jCHI,1
79,jPI5,1
79,jFF6,1
79,jBL6,1
80,jHG5,1
80,jCRA,1
80,jPL5,1
80,jSM4,1
80,jCA6,1
80,jCHO,1
80,jCHI,1
80,jPI5,1
80,jFF6,1
80,jBL6,1
81,jHG5,1
81,jCRA,1
81,jPL5,1
81,jSM4,1
81,jCA6,1
81,jCHO,1
81,jCHI,1
81,jPI5,1
81,jFF6,1
81,jBL6,1
82,jHG5,1
82,jCRA,1
82,jPL5,1
82,jSM4,1
82,jCA6,1
82,jCHO,1
82,jCHI,1
82,jPI5,1
82,jFF6,1
82,jBL6,1
83,jHG5,1
83,jCRA,1
83,jPL5,1
83,jSM4,1
83,jCA6,1
83,jCHO,1
83,jCHI,1
83,jPI5,1
83,jFF6,1
83,jBL6,1
84,jHG5,1
84,jCRA,1
84,jPL5,1
84,jSM4,1
84,jCA6,1
84,jCHO,1
84,jCHI,1
84,jPI5,1
84,jFF6,1
84,jBL6,1
85,jHG5,1
85,jCRA,1
85,jPL5,1
85,jSM4,1
85,jCA6,1
85,jCHO,1
85,jCHI,1
85,jPI5,1
85,jFF6,1
85,jBL6,1
86,jHG5,1
86,jCRA,1
86,jPL5,1
86,jSM4,1
86,jCA6,1
86,jCHO,1
86,jCHI,1
86,jPI5,1
86,jFF6,1
86,jBL6,1
87,jHG5,1
87,jCRA,1
87,jPL5,1
87,jSM4,1
87,jCA6,1
87,jCHO,1
87,jCHI,1
87,jPI5,1
87,jFF6,1
87,jBL6,1
88,jHG5,1
88,jCRA,1
88,jPL5,1
88,jSM4,1
88,jCA6,1
88,jCHO,1
88,jCHI,1
88,jPI5,1
88,jFF6,1
88,jBL6,1
89,jHG5,1
89,jCRA,1
89,jPL5,1
89,jSM4,1
89,jCA6,1
89,jCHO,1
89,jCHI,1
89,jPI5,1
89,jFF6,1
89,jBL6,1
90,jHG5,1
90,jCRA,1
90,jPL5,1
90,jSM4,1
90,jCA6,1
90,jCHO,1
90,jCHI,1
90,jPI5,1
90,jFF6,1
90,jBL6,1
91,jHG5,1
91,jCRA,1
91,jPL5,1
91,jSM4,1
91,jCA6,1
91,jCHO,1
91,jCHI,1
91,jPI5,1
91,jFF6,1
91,jBL6,1
92,jHG5,1
92,jCRA,1
92,jPL5,1
92,jSM4,1
92,jCA6,1
92,jCHO,1
92,jCHI,1
92,jPI5,1
92,jFF6,1
92,jBL6,1
93,jHG5,1
93,jCRA,1
93,jPL5,1
93,jSM4,1
93,jCA6,1
93,jCHO,1
93,jCHI,1
93,jPI5,1
93,jFF6,1
93,jBL6,1
94,jHG5,1
94,jCRA,1
94,jPL5,1
94,jSM4,1
94,jCA6,1
94,jCHO,1
94,jCHI,1
94,jPI5,1
94,jFF6,1
94,jBL6,1
95,jHG5,1
95,jCRA,1
95,jPL5,1
95,jSM4,1
95,jCA6,1
95,jCHO,1
95,jCHI,1
95,jPI5,1
95,jFF6,1
95,jBL6,1
96,jHG5,1
96,jCRA,1
96,jPL5,1
96,jSM4,1
96,jCA6,1
96,jCHO,1
96,jCHI,1
96,jPI5,1
96,jFF6,1
96,jBL6,1
97,jHG5,1
97,jCRA,1
97,jPL5,1
97,jSM4,1
97,jCA6,1
97,jCHO,1
97,jCHI,1
97,jPI5,1
97,jFF6,1
97,jBL6,1
98,jHG5,1
98,jCRA,1
98,jPL5,1
98,jSM4,1
98,jCA6,1
98,jCHO,1
98,jCHI,1
98,jPI5,1
98,jFF6,1
98,jBL6,1
99,jHG5,1
99,jCRA,1
99,jPL5,1
99,jSM4,1
99,jCA6,1
99,jCHO,1
99,jCHI,1
99,jPI5,1
99,jFF6,1
99,jBL6,1
100,jHG5,1
100,jCRA,1
100,jPL5,1
100,jSM4,1
100,jCA6,1
100,jCHO,1
100,jCHI,1
100,jPI5,1
100,jFF6,1
100,jBL6,1
101,jHG5,1
101,jCRA,1
101,jPL5,1
101,jSM4,1
101,jCA6,1
101,jCHO,1
101,jCHI,1
101,jPI5,1
101,jFF6,1
101,jBL6,1
102,jHG5,1
102,jCRA,1
102,jPL5,1
102,jSM4,1
102,jCA6,1
102,jCHO,1
102,jCHI,1
102,jPI5,1
102,jFF6,1
102,jBL6,1
103,jHG5,1
103,jCRA,1
103,jPL5,1
103,jSM4,1
103,jCA6,1
103,jCHO,1
103,jCHI,1
103,jPI5,1
103,jFF6,1
103,jBL6,1
104,jHG5,1
104,jCRA,1
104,jPL5,1
104,jSM4,1
104,jCA6,1
104,jCHO,1
104,jCHI,1
104,jPI5,1
104,jFF6,1
104,jBL6,1
105,jHG5,1
105,jCRA,1
105,jPL5,1
105,jSM4,1
105,jCA6,1
105,jCHO,1
105,jCHI,1
105,jPI5,1
105,jFF6,1
105,jBL6,1
106,jHG5,1
106,jCRA,1
106,jPL5,1
106,jSM4,1
106,jCA6,1
106,jCHO,1
106,jCHI,1
106,jPI5,1
106,jFF6,1
106,jBL6,1
107,jHG5,1
107,jCRA,1
107,jPL5,1
107,jSM4,1
107,jCA6,1
107,jCHO,1
107,jCHI,1
107,jPI5,1
107,jFF6,1
107,jBL6,1
108,jHG5,1
108,jCRA,1
108,jPL5,1
108,jSM4,1
108,jCA6,1
108,jCHO,1
108,jCHI,1
108,jPI5,1
108,jFF6,1
108,jBL6,1
109,jHG5,1
109,jCRA,1
109,jPL5,1
109,jSM4,1
109,jCA6,1
109,jCHO,1
109,jCHI,1
109,jPI5,1
109,jFF6,1
109,jBL6,1
110,jHG5,1
110,jCRA,1
110,jPL5,1
110,jSM4,1
110,jCA6,1
110,jCHO,1
110,jCHI,1
110,jPI5,1
110,jFF6,1
110,jBL6,1
111,jHG5,1
111,jCRA,1
111,jPL5,1
111,jSM4,1
111,jCA6,1
111,jCHO,1
111,jCHI,1
111,jPI5,1
111,jFF6,1
111,jBL6,1
112,jHG5,1
112,jCRA,1
112,jPL5,1
112,jSM4,1
112,jCA6,1
112,jCHO,1
112,jCHI,1
112,jPI5,1
112,jFF6,1
112,jBL6,1
113,jHG5,1
113,jCRA,1
113,jPL5,1
113,jSM4,1
113,jCA6,1
113,jCHO,1
113,jCHI,1
113,jPI5,1
113,jFF6,1
113,jBL6,1
114,jHG5,1
114,jCRA,1
114,jPL5,1
114,jSM4,1
114,jCA6,1
114,jCHO,1
114,jCHI,1
114,jPI5,1
114,jFF6,1
114,jBL6,1
115,jHG5,1
115,jCRA,1
115,jPL5,1
115,jSM4,1
115,jCA6,1
115,jCHO,1
115,jCHI,1
115,jPI5,1
115,jFF6,1
115,jBL6,1
116,jHG5,1
116,jCRA,1
116,jPL5,1
116,jSM4,1
116,jCA6,1
116,jCHO,1
116,jCHI,1
116,jPI5,1
116,jFF6,1
116,jBL6,1
117,jHG5,1
117,jCRA,1
117,jPL5,1
117,jSM4,1
117,jCA6,1
117,jCHO,1
117,jCHI,1
117,jPI5,1
117,jFF6,1
117,jBL6,1
118,jHG5,1
118,jCRA,1
118,jPL5,1
118,jSM4,1
118,jCA6,1
118,jCHO,1
118,jCHI,1
118,jPI5,1
118,jFF6,1
118,jBL6,1
119,jHG5,1
119,jCRA,1
119,jPL5,1
119,jSM4,1
119,jCA6,1
119,jCHO,1
119,jCHI,1
119,jPI5,1
119,jFF6,1
119,jBL6,1
120,jHG5,1
120,jCRA,1
120,jPL5,1
120,jSM4,1
120,jCA6,1
120,jCHO,1
120,jCHI,1
120,jPI5,1
120,jFF6,1
120,jBL6,1
121,jHG5,1
121,jCRA,1
121,jPL5,1
121,jSM4,1
121,jCA6,1
121,jCHO,1
121,jCHI,1
121,jPI5,1
121,jFF6,1
121,jBL6,1
122,jHG5,1
122,jCRA,1
122,jPL5,1
122,jSM4,1
122,jCA6,1
122,jCHO,1
122,jCHI,1
122,jPI5,1
122,jFF6,1
122,jBL6,1
123,jHG5,1
123,jCRA,1
123,jPL5,1
123,jSM4,1
123,jCA6,1
123,jCHO,1
123,jCHI,1
123,jPI5,1
123,jFF6,1
123,jBL6,1
124,jHG5,1
124,jCRA,1
124,jPL5,1
124,jSM4,1
124,jCA6,1
124,jCHO,1
124,jCHI,1
124,jPI5,1
124,jFF6,1
124,jBL6,1
125,jHG5,1
125,jCRA,1
125,jPL5,1
125,jSM4,1
125,jCA6,1
125,jCHO,1
125,jCHI,1
125,jPI5,1
125,jFF6,1
125,jBL6,1
126,jHG5,1
126,jCRA,1
126,jPL5,1
126,jSM4,1
126,jCA6,1
126,jCHO,1
126,jCHI,1
126,jPI5,1
126,jFF6,1
126,jBL6,1
127,jHG5,1
127,jCRA,1
127,jPL5,1
127,jSM4,1
127,jCA6,1
127,jCHO,1
127,jCHI,1
127,jPI5,1
127,jFF6,1
127,jBL6,1
128,jHG5,1
128,jCRA,1
128,jPL5,1
128,jSM4,1
128,jCA6,1
128,jCHO,1
128,jCHI,1
128,jPI5,1
128,jFF6,1
128,jBL6,1
129,jHG5,1
129,jCRA,1
129,jPL5,1
129,jSM4,1
129,jCA6,1
129,jCHO,1
129,jCHI,1
129,jPI5,1
129,jFF6,1
129,jBL6,1
130,jHG5,1
130,jCRA,1
130,jPL5,1
130,jSM4,1
130,jCA6,1
130,jCHO,1
130,jCHI,1
130,jPI5,1
130,jFF6,1
130,jBL6,1
131,jHG5,1
131,jCRA,1
131,jPL5,1
131,jSM4,1
131,jCA6,1
131,jCHO,1
131,jCHI,1
131,jPI5,1
131,jFF6,1
131,jBL6,1
132,jHG5,1
132,jCRA,1
132,jPL5,1
132,jSM4,1
132,jCA6,1
132,jCHO,1
132,jCHI,1
132,jPI5,1
132,jFF6,1
132,jBL6,1
133,jHG5,1
133,jCRA,1
133,jPL5,1
133,jSM4,1
133,jCA6,1
133,jCHO,1
133,jCHI,1
133,jPI5,1
133,jFF6,1
133,jBL6,1
134,jHG5,1
134,jCRA,1
134,jPL5,1
134,jSM4,1
134,jCA6,1
134,jCHO,1
134,jCHI,1
134,jPI5,1
134,jFF6,1
134,jBL6,1
135,jHG5,1
135,jCRA,1
135,jPL5,1
135,jSM4,1
135,jCA6,1
135,jCHO,1
135,jCHI,1
135,jPI5,1
135,jFF6,1
135,jBL6,1
136,jHG5,1
136,jCRA,1
136,jPL5,1
136,jSM4,1
136,jCA6,1
136,jCHO,1
136,jCHI,1
136,jPI5,1
136,jFF6,1
136,jBL6,1
137,jHG5,1
137,jCRA,1
137,jPL5,1
137,jSM4,1
137,jCA6,1
137,jCHO,1
137,jCHI,1
137,jPI5,1
137,jFF6,1
137,jBL6,1
138,jHG5,1
138,jCRA,1
138,jPL5,1
138,jSM4,1
138,jCA6,1
138,jCHO,1
138,jCHI,1
138,jPI5,1
138,jFF6,1
138,jBL6,1
139,jHG5,1
139,jCRA,1
139,jPL5,1
139,jSM4,1
139,jCA6,1
139,jCHO,1
139,jCHI,1
139,jPI5,1
139,jFF6,1
139,jBL6,1
140,jHG5,1
140,jCRA,1
140,jPL5,1
140,jSM4,1
140,jCA6,1
140,jCHO,1
140,jCHI,1
140,jPI5,1
140,jFF6,1
140,jBL6,1
141,jHG5,1
141,jCRA,1
141,jPL5,1
141,jSM4,1
141,jCA6,1
141,jCHO,1
141,jCHI,1
141,jPI5,1
141,jFF6,1
141,jBL6,1
142,jHG5,1
142,jCRA,1
142,jPL5,1
142,jSM4,1
142,jCA6,1
142,jCHO,1
142,jCHI,1
142,jPI5,1
142,jFF6,1
142,jBL6,1
143,jHG5,1
143,jCRA,1
143,jPL5,1
143,jSM4,1
143,jCA6,1
143,jCHO,1
143,jCHI,1
143,jPI5,1
143,jFF6,1
143,jBL6,1
144,jHG5,1
144,jCRA,1
144,jPL5,1
144,jSM4,1
144,jCA6,1
144,jCHO,1
144,jCHI,1
144,jPI5,1
144,jFF6,1
144,jBL6,1
145,jHG5,1
145,jCRA,1
145,jPL5,1
145,jSM4,1
145,jCA6,1
145,jCHO,1
145,jCHI,1
145,jPI5,1
145,jFF6,1
145,jBL6,1
146,jHG5,1
146,jCRA,1
146,jPL5,1
146,jSM4,1
146,jCA6,1
146,jCHO,1
146,jCHI,1
146,jPI5,1
146,jFF6,1
146,jBL6,1
147,jHG5,1
147,jCRA,1
147,jPL5,1
147,jSM4,1
147,jCA6,1
147,jCHO,1
147,jCHI,1
147,jPI5,1
147,jFF6,1
147,jBL6,1
148,jHG5,1
148,jCRA,1
148,jPL5,1
148,jSM4,1
148,jCA6,1
148,jCHO,1
148,jCHI,1
148,jPI5,1
148,jFF6,1
148,jBL6,1
149,jHG5,1
149,jCRA,1
149,jPL5,1
149,jSM4,1
149,jCA6,1
149,jCHO,1
149,jCHI,1
149,jPI5,1
149,jFF6,1
149,jBL6,1
150,jHG5,1
150,jCRA,1
150,jPL5,1
150,jSM4,1
150,jCA6,1
150,jCHO,1
150,jCHI,1
150,jPI5,1
150,jFF6,1
150,jBL6,1
151,jHG5,1
151,jCRA,1
151,jPL5,1
151,jSM4,1
151,jCA6,1
151,jCHO,1
151,jCHI,1
151,jPI5,1
151,jFF6,1
151,jBL6,1
152,jHG5,1
152,jCRA,1
152,jPL5,1
152,jSM4,1
152,jCA6,1
152,jCHO,1
152,jCHI,1
152,jPI5,1
152,jFF6,1
152,jBL6,1
153,jHG5,1
153,jCRA,1
153,jPL5,1
153,jSM4,1
153,jCA6,1
153,jCHO,1
153,jCHI,1
153,jPI5,1
153,jFF6,1
153,jBL6,1
154,jHG5,1
154,jCRA,1
154,jPL5,1
154,jSM4,1
154,jCA6,1
154,jCHO,1
154,jCHI,1
154,jPI5,1
154,jFF6,1
154,jBL6,1
155,jHG5,1
155,jCRA,1
155,jPL5,1
155,jSM4,1
155,jCA6,1
155,jCHO,1
155,jCHI,1
155,jPI5,1
155,jFF6,1
155,jBL6,1
156,jHG5,1
156,jCRA,1
156,jPL5,1
156,jSM4,1
156,jCA6,1
156,jCHO,1
156,jCHI,1
156,jPI5,1
156,jFF6,1
156,jBL6,1
157,jHG5,1
157,jCRA,1
157,jPL5,1
157,jSM4,1
157,jCA6,1
157,jCHO,1
157,jCHI,1
157,jPI5,1
157,jFF6,1
157,jBL6,1
158,jHG5,1
158,jCRA,1
158,jPL5,1
158,jSM4,1
158,jCA6,1
158,jCHO,1
158,jCHI,1
158,jPI5,1
158,jFF6,1
158,jBL6,1
159,jHG5,1
159,jCRA,1
159,jPL5,1
159,jSM4,1
159,jCA6,1
159,jCHO,1
159,jCHI,1
159,jPI5,1
159,jFF6,1
159,jBL6,1
160,jHG5,1
160,jCRA,1
160,jPL5,1
160,jSM4,1
160,jCA6,1
160,jCHO,1
160,jCHI,1
160,jPI5,1
160,jFF6,1
160,jBL6,1
161,jHG5,1
161,jCRA,1
161,jPL5,1
161,jSM4,1
161,jCA6,1
161,jCHO,1
161,jCHI,1
161,jPI5,1
161,jFF6,1
161,jBL6,1
162,jHG5,1
162,jCRA,1
162,jPL5,1
162,jSM4,1
162,jCA6,1
162,jCHO,1
162,jCHI,1
162,jPI5,1
162,jFF6,1
162,jBL6,1
163,jHG5,1
163,jCRA,1
163,jPL5,1
163,jSM4,1
163,jCA6,1
163,jCHO,1
163,jCHI,1
163,jPI5,1
163,jFF6,1
163,jBL6,1
164,jHG5,1
164,jCRA,1
164,jPL5,1
164,jSM4,1
164,jCA6,1
164,jCHO,1
164,jCHI,1
164,jPI5,1
164,jFF6,1
164,jBL6,1
165,jHG5,1
165,jCRA,1
165,jPL5,1
165,jSM4,1
165,jCA6,1
165,jCHO,1
165,jCHI,1
165,jPI5,1
165,jFF6,1
165,jBL6,1
166,jHG5,1
166,jCRA,1
166,jPL5,1
166,jSM4,1
166,jCA6,1
166,jCHO,1
166,jCHI,1
166,jPI5,1
166,jFF6,1
166,jBL6,1
167,jHG5,1
167,jCRA,1
167,jPL5,1
167,jSM4,1
167,jCA6,1
167,jCHO,1
167,jCHI,1
167,jPI5,1
167,jFF6,1
167,jBL6,1
168,jHG5,1
168,jCRA,1
168,jPL5,1
168,jSM4,1
168,jCA6,1
168,jCHO,1
168,jCHI,1
168,jPI5,1
168,jFF6,1
168,jBL6,1
169,jHG5,1
169,jCRA,1
169,jPL5,1
169,jSM4,1
169,jCA6,1
169,jCHO,1
169,jCHI,1
169,jPI5,1
169,jFF6,1
169,jBL6,1
170,jHG5,1
170,jCRA,1
170,jPL5,1
170,jSM4,1
170,jCA6,1
170,jCHO,1
170,jCHI,1
170,jPI5,1
170,jFF6,1
170,jBL6,1
171,jHG5,1
171,jCRA,1
171,jPL5,1
171,jSM4,1
171,jCA6,1
171,jCHO,1
171,jCHI,1
171,jPI5,1
171,jFF6,1
171,jBL6,1
172,jHG5,1
172,jCRA,1
172,jPL5,1
172,jSM4,1
172,jCA6,1
172,jCHO,1
172,jCHI,1
172,jPI5,1
172,jFF6,1
172,jBL6,1
173,jHG5,1
173,jCRA,1
173,jPL5,1
173,jSM4,1
173,jCA6,1
173,jCHO,1
173,jCHI,1
173,jPI5,1
173,jFF6,1
173,jBL6,1
174,jHG5,1
174,jCRA,1
174,jPL5,1
174,jSM4,1
174,jCA6,1
174,jCHO,1
174,jCHI,1
174,jPI5,1
174,jFF6,1
174,jBL6,1
175,jHG5,1
175,jCRA,1
175,jPL5,1
175,jSM4,1
175,jCA6,1
175,jCHO,1
175,jCHI,1
175,jPI5,1
175,jFF6,1
175,jBL6,1
176,jHG5,1
176,jCRA,1
176,jPL5,1
176,jSM4,1
176,jCA6,1
176,jCHO,1
176,jCHI,1
176,jPI5,1
176,jFF6,1
176,jBL6,1
177,jHG5,1
177,jCRA,1
177,jPL5,1
177,jSM4,1
177,jCA6,1
177,jCHO,1
177,jCHI,1
177,jPI5,1
177,jFF6,1
177,jBL6,1
178,jHG5,1
178,jCRA,1
178,jPL5,1
178,jSM4,1
178,jCA6,1
178,jCHO,1
178,jCHI,1
178,jPI5,1
178,jFF6,1
178,jBL6,1
179,jHG5,1
179,jCRA,1
179,jPL5,1
179,jSM4,1
179,jCA6,1
179,jCHO,1
179,jCHI,1
179,jPI5,1
179,jFF6,1
179,jBL6,1
180,jHG5,1
180,jCRA,1
180,jPL5,1
180,jSM4,1
180,jCA6,1
180,jCHO,1
180,jCHI,1
180,jPI5,1
180,jFF6,1
180,jBL6,1
181,jHG5,1
181,jCRA,1
181,jPL5,1
181,jSM4,1
181,jCA6,1
181,jCHO,1
181,jCHI,1
181,jPI5,1
181,jFF6,1
181,jBL6,1
182,jHG5,1
182,jCRA,1
182,jPL5,1
182,jSM4,1
182,jCA6,1
182,jCHO,1
182,jCHI,1
182,jPI5,1
182,jFF6,1
182,jBL6,1
183,jHG5,1
183,jCRA,1
183,jPL5,1
183,jSM4,1
183,jCA6,1
183,jCHO,1
183,jCHI,1
183,jPI5,1
183,jFF6,1
183,jBL6,1
184,jHG5,1
184,jCRA,1
184,jPL5,1
184,jSM4,1
184,jCA6,1
184,jCHO,1
184,jCHI,1
184,jPI5,1
184,jFF6,1
184,jBL6,1
185,jHG5,1
185,jCRA,1
185,jPL5,1
185,jSM4,1
185,jCA6,1
185,jCHO,1
185,jCHI,1
185,jPI5,1
185,jFF6,1
185,jBL6,1
186,jHG5,1
186,jCRA,1
186,jPL5,1
186,jSM4,1
186,jCA6,1
186,jCHO,1
186,jCHI,1
186,jPI5,1
186,jFF6,1
186,jBL6,1
187,jHG5,1
187,jCRA,1
187,jPL5,1
187,jSM4,1
187,jCA6,1
187,jCHO,1
187,jCHI,1
187,jPI5,1
187,jFF6,1
187,jBL6,1
188,jHG5,1
188,jCRA,1
188,jPL5,1
188,jSM4,1
188,jCA6,1
188,jCHO,1
188,jCHI,1
188,jPI5,1
188,jFF6,1
188,jBL6,1
189,jHG5,1
189,jCRA,1
189,jPL5,1
189,jSM4,1
189,jCA6,1
189,jCHO,1
189,jCHI,1
189,jPI5,1
189,jFF6,1
189,jBL6,1
190,jHG5,1
190,jCRA,1
190,jPL5,1
190,jSM4,1
190,jCA6,1
190,jCHO,1
190,jCHI,1
190,jPI5,1
190,jFF6,1
190,jBL6,1
191,jHG5,1
191,jCRA,1
191,jPL5,1
191,jSM4,1
191,jCA6,1
191,jCHO,1
191,jCHI,1
191,jPI5,1
191,jFF6,1
191,jBL6,1
192,jHG5,1
192,jCRA,1
192,jPL5,1
192,jSM4,1
192,jCA6,1
192,jCHO,1
192,jCHI,1
192,jPI5,1
192,jFF6,1
192,jBL6,1
193,jHG5,1
193,jCRA,1
193,jPL5,1
193,jSM4,1
193,jCA6,1
193,jCHO,1
193,jCHI,1
193,jPI5,1
193,jFF6,1
193,jBL6,1
194,jHG5,1
194,jCRA,1
194,jPL5,1
194,jSM4,1
194,jCA6,1
194,jCHO,1
194,jCHI,1
194,jPI5,1
194,jFF6,1
194,jBL6,1
195,jHG5,1
195,jCRA,1
195,jPL5,1
195,jSM4,1
195,jCA6,1
195,jCHO,1
195,jCHI,1
195,jPI5,1
195,jFF6,1
195,jBL6,1
196,jHG5,1
196,jCRA,1
196,jPL5,1
196,jSM4,1
196,jCA6,1
196,jCHO,1
196,jCHI,1
196,jPI5,1
196,jFF6,1
196,jBL6,1
197,jHG5,1
197,jCRA,1
197,jPL5,1
197,jSM4,1
197,jCA6,1
197,jCHO,1
197,jCHI,1
197,jPI5,1
197,jFF6,1
197,jBL6,1
198,jHG5,1
198,jCRA,1
198,jPL5,1
198,jSM4,1
198,jCA6,1
198,jCHO,1
198,jCHI,1
198,jPI5,1
198,jFF6,1
198,jBL6,1
199,jHG5,1
199,jCRA,1
199,jPL5,1
199,jSM4,1
199,jCA6,1
199,jCHO,1
199,jCHI,1
199,jPI5,1
199,jFF6,1
199,jBL6,1
200,jHG5,1
200,jCRA,1
200,jPL5,1
200,jSM4,1
200,jCA6,1
200,jCHO,1
200,jCHI,1
200,jPI5,1
200,jFF6,1
200,jBL6,1
201,jHG5,1
201,jCRA,1
201,jPL5,1
201,jSM4,1
201,jCA6,1
201,jCHO,1
201,jCHI,1
201,jPI5,1
201,jFF6,1
201,jBL6,1
202,jHG5,1
202,jCRA,1
202,jPL5,1
202,jSM4,1
202,jCA6,1
202,jCHO,1
202,jCHI,1
202,jPI5,1
202,jFF6,1
202,jBL6,1
203,jHG5,1
203,jCRA,1
203,jPL5,1
203,jSM4,1
203,jCA6,1
203,jCHO,1
203,jCHI,1
203,jPI5,1
203,jFF6,1
203,jBL6,1
204,jHG5,1
204,jCRA,1
204,jPL5,1
204,jSM4,1
204,jCA6,1
204,jCHO,1
204,jCHI,1
204,jPI5,1
204,jFF6,1
204,jBL6,1
205,jHG5,1
205,jCRA,1
205,jPL5,1
205,jSM4,1
205,jCA6,1
205,jCHO,1
205,jCHI,1
205,jPI5,1
205,jFF6,1
205,jBL6,1
206,jHG5,1
206,jCRA,1
206,jPL5,1
206,jSM4,1
206,jCA6,1
206,jCHO,1
206,jCHI,1
206,jPI5,1
206,jFF6,1
206,jBL6,1
207,jHG5,1
207,jCRA,1
207,jPL5,1
207,jSM4,1
207,jCA6,1
207,jCHO,1
207,jCHI,1
207,jPI5,1
207,jFF6,1
207,jBL6,1
208,jHG5,1
208,jCRA,1
208,jPL5,1
208,jSM4,1
208,jCA6,1
208,jCHO,1
208,jCHI,1
208,jPI5,1
208,jFF6,1
208,jBL6,1
209,jHG5,1
209,jCRA,1
209,jPL5,1
209,jSM4,1
209,jCA6,1
209,jCHO,1
209,jCHI,1
209,jPI5,1
209,jFF6,1
209,jBL6,1
210,jHG5,1
210,jCRA,1
210,jPL5,1
210,jSM4,1
210,jCA6,1
210,jCHO,1
210,jCHI,1
210,jPI5,1
210,jFF6,1
210,jBL6,1
211,jHG5,1
211,jCRA,1
211,jPL5,1
211,jSM4,1
211,jCA6,1
211,jCHO,1
211,jCHI,1
211,jPI5,1
211,jFF6,1
211,jBL6,1
212,jHG5,1
212,jCRA,1
212,jPL5,1
212,jSM4,1
212,jCA6,1
212,jCHO,1
212,jCHI,1
212,jPI5,1
212,jFF6,1
212,jBL6,1
213,jHG5,1
213,jCRA,1
213,jPL5,1
213,jSM4,1
213,jCA6,1
213,jCHO,1
213,jCHI,1
213,jPI5,1
213,jFF6,1
213,jBL6,1
214,jHG5,1
214,jCRA,1
214,jPL5,1
214,jSM4,1
214,jCA6,1
214,jCHO,1
214,jCHI,1
214,jPI5,1
214,jFF6,1
214,jBL6,1
215,jHG5,1
215,jCRA,1
215,jPL5,1
215,jSM4,1
215,jCA6,1
215,jCHO,1
215,jCHI,1
215,jPI5,1
215,jFF6,1
215,jBL6,1
216,jHG5,1
216,jCRA,1
216,jPL5,1
216,jSM4,1
216,jCA6,1
216,jCHO,1
216,jCHI,1
216,jPI5,1
216,jFF6,1
216,jBL6,1
217,jHG5,1
217,jCRA,1
217,jPL5,1
217,jSM4,1
217,jCA6,1
217,jCHO,1
217,jCHI,1
217,jPI5,1
217,jFF6,1
217,jBL6,1
218,jHG5,1
218,jCRA,1
218,jPL5,1
218,jSM4,1
218,jCA6,1
218,jCHO,1
218,jCHI,1
218,jPI5,1
218,jFF6,1
218,jBL6,1
219,jHG5,1
219,jCRA,1
219,jPL5,1
219,jSM4,1
219,jCA6,1
219,jCHO,1
219,jCHI,1
219,jPI5,1
219,jFF6,1
219,jBL6,1
220,jHG5,1
220,jCRA,1
220,jPL5,1
220,jSM4,1
220,jCA6,1
220,jCHO,1
220,jCHI,1
220,jPI5,1
220,jFF6,1
220,jBL6,1
221,jHG5,1
221,jCRA,1
221,jPL5,1
221,jSM4,1
221,jCA6,1
221,jCHO,1
221,jCHI,1
221,jPI5,1
221,jFF6,1
221,jBL6,1
222,jHG5,1
222,jCRA,1
222,jPL5,1
222,jSM4,1
222,jCA6,1
222,jCHO,1
222,jCHI,1
222,jPI5,1
222,jFF6,1
222,jBL6,1
223,jHG5,1
223,jCRA,1
223,jPL5,1
223,jSM4,1
223,jCA6,1
223,jCHO,1
223,jCHI,1
223,jPI5,1
223,jFF6,1
223,jBL6,1
224,jHG5,1
224,jCRA,1
224,jPL5,1
224,jSM4,1
224,jCA6,1
224,jCHO,1
224,jCHI,1
224,jPI5,1
224,jFF6,1
224,jBL6,1
225,jHG5,1
225,jCRA,1
225,jPL5,1
225,jSM4,1
225,jCA6,1
225,jCHO,1
225,jCHI,1
225,jPI5,1
225,jFF6,1
225,jBL6,1
226,jHG5,1
226,jCRA,1
226,jPL5,1
226,jSM4,1
226,jCA6,1
226,jCHO,1
226,jCHI,1
226,jPI5,1
226,jFF6,1
226,jBL6,1
227,jHG5,1
227,jCRA,1
227,jPL5,1
227,jSM4,1
227,jCA6,1
227,jCHO,1
227,jCHI,1
227,jPI5,1
227,jFF6,1
227,jBL6,1
228,jHG5,1
228,jCRA,1
228,jPL5,1
228,jSM4,1
228,jCA6,1
228,jCHO,1
228,jCHI,1
228,jPI5,1
228,jFF6,1
228,jBL6,1
229,jHG5,1
229,jCRA,1
229,jPL5,1
229,jSM4,1
229,jCA6,1
229,jCHO,1
229,jCHI,1
229,jPI5,1
229,jFF6,1
229,jBL6,1
230,jHG5,1
230,jCRA,1
230,jPL5,1
230,jSM4,1
230,jCA6,1
230,jCHO,1
230,jCHI,1
230,jPI5,1
230,jFF6,1
230,jBL6,1
231,jHG5,1
231,jCRA,1
231,jPL5,1
231,jSM4,1
231,jCA6,1
231,jCHO,1
231,jCHI,1
231,jPI5,1
231,jFF6,1
231,jBL6,1
232,jHG5,1
232,jCRA,1
232,jPL5,1
232,jSM4,1
232,jCA6,1
232,jCHO,1
232,jCHI,1
232,jPI5,1
232,jFF6,1
232,jBL6,1
233,jHG5,1
233,jCRA,1
233,jPL5,1
233,jSM4,1
233,jCA6,1
233,jCHO,1
233,jCHI,1
233,jPI5,1
233,jFF6,1
233,jBL6,1
234,jHG5,1
234,jCRA,1
234,jPL5,1
234,jSM4,1
234,jCA6,1
234,jCHO,1
234,jCHI,1
234,jPI5,1
234,jFF6,1
234,jBL6,1
235,jHG5,1
235,jCRA,1
235,jPL5,1
235,jSM4,1
235,jCA6,1
235,jCHO,1
235,jCHI,1
235,jPI5,1
235,jFF6,1
235,jBL6,1
236,jHG5,1
236,jCRA,1
236,jPL5,1
236,jSM4,1
236,jCA6,1
236,jCHO,1
236,jCHI,1
236,jPI5,1
236,jFF6,1
236,jBL6,1
237,jHG5,1
237,jCRA,1
237,jPL5,1
237,jSM4,1
237,jCA6,1
237,jCHO,1
237,jCHI,1
237,jPI5,1
237,jFF6,1
237,jBL6,1
238,jHG5,1
238,jCRA,1
238,jPL5,1
238,jSM4,1
238,jCA6,1
238,jCHO,1
238,jCHI,1
238,jPI5,1
238,jFF6,1
238,jBL6,1
239,jHG5,1
239,jCRA,1
239,jPL5,1
239,jSM4,1
239,jCA6,1
239,jCHO,1
239,jCHI,1
239,jPI5,1
239,jFF6,1
239,jBL6,1
240,jHG5,1
240,jCRA,1
240,jPL5,1
240,jSM4,1
240,jCA6,1
240,jCHO,1
240,jCHI,1
240,jPI5,1
240,jFF6,1
240,jBL6,1
241,jHG5,1
241,jCRA,1
241,jPL5,1
241,jSM4,1
241,jCA6,1
241,jCHO,1
241,jCHI,1
241,jPI5,1
241,jFF6,1
241,jBL6,1
242,jHG5,1
242,jCRA,1
242,jPL5,1
242,jSM4,1
242,jCA6,1
242,jCHO,1
242,jCHI,1
242,jPI5,1
242,jFF6,1
242,jBL6,1
243,jHG5,1
243,jCRA,1
243,jPL5,1
243,jSM4,1
243,jCA6,1
243,jCHO,1
243,jCHI,1
243,jPI5,1
243,jFF6,1
243,jBL6,1
244,jHG5,1
244,jCRA,1
244,jPL5,1
244,jSM4,1
244,jCA6,1
244,jCHO,1
244,jCHI,1
244,jPI5,1
244,jFF6,1
244,jBL6,1
245,jHG5,1
245,jCRA,1
245,jPL5,1
245,jSM4,1
245,jCA6,1
245,jCHO,1
245,jCHI,1
245,jPI5,1
245,jFF6,1
245,jBL6,1
246,jHG5,1
246,jCRA,1
246,jPL5,1
246,jSM4,1
246,jCA6,1
246,jCHO,1
246,jCHI,1
246,jPI5,1
246,jFF6,1
246,jBL6,1
247,jHG5,1
247,jCRA,1
247,jPL5,1
247,jSM4,1
247,jCA6,1
247,jCHO,1
247,jCHI,1
247,jPI5,1
247,jFF6,1
247,jBL6,1
248,jHG5,1
248,jCRA,1
248,jPL5,1
248,jSM4,1
248,jCA6,1
248,jCHO,1
248,jCHI,1
248,jPI5,1
248,jFF6,1
248,jBL6,1
249,jHG5,1
249,jCRA,1
249,jPL5,1
249,jSM4,1
249,jCA6,1
249,jCHO,1
249,jCHI,1
249,jPI5,1
249,jFF6,1
249,jBL6,1
250,jHG5,1
250,jCRA,1
250,jPL5,1
250,jSM4,1
250,jCA6,1
250,jCHO,1
250,jCHI,1
250,jPI5,1
250,jFF6,1
250,jBL6,1
251,jHG5,1
251,jCRA,1
251,jPL5,1
251,jSM4,1
251,jCA6,1
251,jCHO,1
251,jCHI,1
251,jPI5,1
251,jFF6,1
251,jBL6,1
252,jHG5,1
252,jCRA,1
252,jPL5,1
252,jSM4,1
252,jCA6,1
252,jCHO,1
252,jCHI,1
252,jPI5,1
252,jFF6,1
252,jBL6,1
253,jHG5,1
253,jCRA,1
253,jPL5,1
253,jSM4,1
253,jCA6,1
253,jCHO,1
253,jCHI,1
253,jPI5,1
253,jFF6,1
253,jBL6,1
254,jHG5,1
254,jCRA,1
254,jPL5,1
254,jSM4,1
254,jCA6,1
254,jCHO,1
254,jCHI,1
254,jPI5,1
254,jFF6,1
254,jBL6,1
255,jHG5,1
255,jCRA,1
255,jPL5,1
255,jSM4,1
255,jCA6,1
255,jCHO,1
255,jCHI,1
255,jPI5,1
255,jFF6,1
255,jBL6,1
256,jHG5,1
256,jCRA,1
256,jPL5,1
256,jSM4,1
256,jCA6,1
256,jCHO,1
256,jCHI,1
256,jPI5,1
256,jFF6,1
256,jBL6,1
257,jHG5,1
257,jCRA,1
257,jPL5,1
257,jSM4,1
257,jCA6,1
257,jCHO,1
257,jCHI,1
257,jPI5,1
257,jFF6,1
257,jBL6,1
258,jHG5,1
258,jCRA,1
258,jPL5,1
258,jSM4,1
258,jCA6,1
258,jCHO,1
258,jCHI,1
258,jPI5,1
258,jFF6,1
258,jBL6,1
259,jHG5,1
259,jCRA,1
259,jPL5,1
259,jSM4,1
259,jCA6,1
259,jCHO,1
259,jCHI,1
259,jPI5,1
259,jFF6,1
259,jBL6,1
260,jHG5,1
260,jCRA,1
260,jPL5,1
260,jSM4,1
260,jCA6,1
260,jCHO,1
260,jCHI,1
260,jPI5,1
260,jFF6,1
260,jBL6,1
261,jHG5,1
261,jCRA,1
261,jPL5,1
261,jSM4,1
261,jCA6,1
261,jCHO,1
261,jCHI,1
261,jPI5,1
261,jFF6,1
261,jBL6,1
262,jHG5,1
262,jCRA,1
262,jPL5,1
262,jSM4,1
262,jCA6,1
262,jCHO,1
262,jCHI,1
262,jPI5,1
262,jFF6,1
262,jBL6,1
263,jHG5,1
263,jCRA,1
263,jPL5,1
263,jSM4,1
263,jCA6,1
263,jCHO,1
263,jCHI,1
263,jPI5,1
263,jFF6,1
263,jBL6,1
264,jHG5,1
264,jCRA,1
264,jPL5,1
264,jSM4,1
264,jCA6,1
264,jCHO,1
264,jCHI,1
264,jPI5,1
264,jFF6,1
264,jBL6,1
265,jHG5,1
265,jCRA,1
265,jPL5,1
265,jSM4,1
265,jCA6,1
265,jCHO,1
265,jCHI,1
265,jPI5,1
265,jFF6,1
265,jBL6,1
266,jHG5,1
266,jCRA,1
266,jPL5,1
266,jSM4,1
266,jCA6,1
266,jCHO,1
266,jCHI,1
266,jPI5,1
266,jFF6,1
266,jBL6,1
267,jHG5,1
267,jCRA,1
267,jPL5,1
267,jSM4,1
267,jCA6,1
267,jCHO,1
267,jCHI,1
267,jPI5,1
267,jFF6,1
267,jBL6,1
268,jHG5,1
268,jCRA,1
268,jPL5,1
268,jSM4,1
268,jCA6,1
268,jCHO,1
268,jCHI,1
268,jPI5,1
268,jFF6,1
268,jBL6,1
269,jHG5,1
269,jCRA,1
269,jPL5,1
269,jSM4,1
269,jCA6,1
269,jCHO,1
269,jCHI,1
269,jPI5,1
269,jFF6,1
269,jBL6,1
270,jHG5,1
270,jCRA,1
270,jPL5,1
270,jSM4,1
270,jCA6,1
270,jCHO,1
270,jCHI,1
270,jPI5,1
270,jFF6,1
270,jBL6,1
271,jHG5,1
271,jCRA,1
271,jPL5,1
271,jSM4,1
271,jCA6,1
271,jCHO,1
271,jCHI,1
271,jPI5,1
271,jFF6,1
271,jBL6,1
272,jHG5,1
272,jCRA,1
272,jPL5,1
272,jSM4,1
272,jCA6,1
272,jCHO,1
272,jCHI,1
272,jPI5,1
272,jFF6,1
272,jBL6,1
273,jHG5,1
273,jCRA,1
273,jPL5,1
273,jSM4,1
273,jCA6,1
273,jCHO,1
273,jCHI,1
273,jPI5,1
273,jFF6,1
273,jBL6,1
274,jHG5,1
274,jCRA,1
274,jPL5,1
274,jSM4,1
274,jCA6,1
274,jCHO,1
274,jCHI,1
274,jPI5,1
274,jFF6,1
274,jBL6,1
275,jHG5,1
275,jCRA,1
275,jPL5,1
275,jSM4,1
275,jCA6,1
275,jCHO,1
275,jCHI,1
275,jPI5,1
275,jFF6,1
275,jBL6,1
276,jHG5,1
276,jCRA,1
276,jPL5,1
276,jSM4,1
276,jCA6,1
276,jCHO,1
276,jCHI,1
276,jPI5,1
276,jFF6,1
276,jBL6,1
277,jHG5,1
277,jCRA,1
277,jPL5,1
277,jSM4,1
277,jCA6,1
277,jCHO,1
277,jCHI,1
277,jPI5,1
277,jFF6,1
277,jBL6,1
278,jHG5,1
278,jCRA,1
278,jPL5,1
278,jSM4,1
278,jCA6,1
278,jCHO,1
278,jCHI,1
278,jPI5,1
278,jFF6,1
278,jBL6,1
279,jHG5,1
279,jCRA,1
279,jPL5,1
279,jSM4,1
279,jCA6,1
279,jCHO,1
279,jCHI,1
279,jPI5,1
279,jFF6,1
279,jBL6,1
280,jHG5,1
280,jCRA,1
280,jPL5,1
280,jSM4,1
280,jCA6,1
280,jCHO,1
280,jCHI,1
280,jPI5,1
280,jFF6,1
280,jBL6,1
281,jHG5,1
281,jCRA,1
281,jPL5,1
281,jSM4,1
281,jCA6,1
281,jCHO,1
281,jCHI,1
281,jPI5,1
281,jFF6,1
281,jBL6,1
282,jHG5,1
282,jCRA,1
282,jPL5,1
282,jSM4,1
282,jCA6,1
282,jCHO,1
282,jCHI,1
282,jPI5,1
282,jFF6,1
282,jBL6,1
283,jHG5,1
283,jCRA,1
283,jPL5,1
283,jSM4,1
283,jCA6,1
283,jCHO,1
283,jCHI,1
283,jPI5,1
283,jFF6,1
283,jBL6,1
284,jHG5,1
284,jCRA,1
284,jPL5,1
284,jSM4,1
284,jCA6,1
284,jCHO,1
284,jCHI,1
284,jPI5,1
284,jFF6,1
284,jBL6,1
285,jHG5,1
285,jCRA,1
285,jPL5,1
285,jSM4,1
285,jCA6,1
285,jCHO,1
285,jCHI,1
285,jPI5,1
285,jFF6,1
285,jBL6,1
286,jHG5,1
286,jCRA,1
286,jPL5,1
286,jSM4,1
286,jCA6,1
286,jCHO,1
286,jCHI,1
286,jPI5,1
286,jFF6,1
286,jBL6,1
287,jHG5,1
287,jCRA,1
287,jPL5,1
287,jSM4,1
287,jCA6,1
287,jCHO,1
287,jCHI,1
287,jPI5,1
287,jFF6,1
287,jBL6,1
288,jHG5,1
288,jCRA,1
288,jPL5,1
288,jSM4,1
288,jCA6,1
288,jCHO,1
288,jCHI,1
288,jPI5,1
288,jFF6,1
288,jBL6,1
289,jHG5,1
289,jCRA,1
289,jPL5,1
289,jSM4,1
289,jCA6,1
289,jCHO,1
289,jCHI,1
289,jPI5,1
289,jFF6,1
289,jBL6,1
290,jHG5,1
290,jCRA,1
290,jPL5,1
290,jSM4,1
290,jCA6,1
290,jCHO,1
290,jCHI,1
290,jPI5,1
290,jFF6,1
290,jBL6,1
291,jHG5,1
291,jCRA,1
291,jPL5,1
291,jSM4,1
291,jCA6,1
291,jCHO,1
291,jCHI,1
291,jPI5,1
291,jFF6,1
291,jBL6,1
292,jHG5,1
292,jCRA,1
292,jPL5,1
292,jSM4,1
292,jCA6,1
292,jCHO,1
292,jCHI,1
292,jPI5,1
292,jFF6,1
292,jBL6,1
293,jHG5,1
293,jCRA,1
293,jPL5,1
293,jSM4,1
293,jCA6,1
293,jCHO,1
293,jCHI,1
293,jPI5,1
293,jFF6,1
293,jBL6,1
294,jHG5,1
294,jCRA,1
294,jPL5,1
294,jSM4,1
294,jCA6,1
294,jCHO,1
294,jCHI,1
294,jPI5,1
294,jFF6,1
294,jBL6,1
295,jHG5,1
295,jCRA,1
295,jPL5,1
295,jSM4,1
295,jCA6,1
295,jCHO,1
295,jCHI,1
295,jPI5,1
295,jFF6,1
295,jBL6,1
296,jHG5,1
296,jCRA,1
296,jPL5,1
296,jSM4,1
296,jCA6,1
296,jCHO,1
296,jCHI,1
296,jPI5,1
296,jFF6,1
296,jBL6,1
297,jHG5,1
297,jCRA,1
297,jPL5,1
297,jSM4,1
297,jCA6,1
297,jCHO,1
297,jCHI,1
297,jPI5,1
297,jFF6,1
297,jBL6,1
298,jHG5,1
298,jCRA,1
298,jPL5,1
298,jSM4,1
298,jCA6,1
298,jCHO,1
298,jCHI,1
298,jPI5,1
298,jFF6,1
298,jBL6,1
299,jHG5,1
299,jCRA,1
299,jPL5,1
299,jSM4,1
299,jCA6,1
299,jCHO,1
299,jCHI,1
299,jPI5,1
299,jFF6,1
299,jBL6,1
300,jHG5,1
300,jCRA,1
300,jPL5,1
300,jSM4,1
300,jCA6,1
300,jCHO,1
300,jCHI,1
300,jPI5,1
300,jFF6,1
300,jBL6,1
301,jHG5,1
301,jCRA,1
301,jPL5,1
301,jSM4,1
301,jCA6,1
301,jCHO,1
301,jCHI,1
301,jPI5,1
301,jFF6,1
301,jBL6,1
302,jHG5,1
302,jCRA,1
302,jPL5,1
302,jSM4,1
302,jCA6,1
302,jCHO,1
302,jCHI,1
302,jPI5,1
302,jFF6,1
302,jBL6,1
303,jHG5,1
303,jCRA,1
303,jPL5,1
303,jSM4,1
303,jCA6,1
303,jCHO,1
303,jCHI,1
303,jPI5,1
303,jFF6,1
303,jBL6,1
304,jHG5,1
304,jCRA,1
304,jPL5,1
304,jSM4,1
304,jCA6,1
304,jCHO,1
304,jCHI,1
304,jPI5,1
304,jFF6,1
304,jBL6,1
305,jHG5,1
305,jCRA,1
305,jPL5,1
305,jSM4,1
305,jCA6,1
305,jCHO,1
305,jCHI,1
305,jPI5,1
305,jFF6,1
305,jBL6,1
306,jHG5,1
306,jCRA,1
306,jPL5,1
306,jSM4,1
306,jCA6,1
306,jCHO,1
306,jCHI,1
306,jPI5,1
306,jFF6,1
306,jBL6,1
307,jHG5,1
307,jCRA,1
307,jPL5,1
307,jSM4,1
307,jCA6,1
307,jCHO,1
307,jCHI,1
307,jPI5,1
307,jFF6,1
307,jBL6,1
308,jHG5,1
308,jCRA,1
308,jPL5,1
308,jSM4,1
308,jCA6,1
308,jCHO,1
308,jCHI,1
308,jPI5,1
308,jFF6,1
308,jBL6,1
309,jHG5,1
309,jCRA,1
309,jPL5,1
309,jSM4,1
309,jCA6,1
309,jCHO,1
309,jCHI,1
309,jPI5,1
309,jFF6,1
309,jBL6,1
310,jHG5,1
310,jCRA,1
310,jPL5,1
310,jSM4,1
310,jCA6,1
310,jCHO,1
310,jCHI,1
310,jPI5,1
310,jFF6,1
310,jBL6,1
311,jHG5,1
311,jCRA,1
311,jPL5,1
311,jSM4,1
311,jCA6,1
311,jCHO,1
311,jCHI,1
311,jPI5,1
311,jFF6,1
311,jBL6,1
312,jHG5,1
312,jCRA,1
312,jPL5,1
312,jSM4,1
312,jCA6,1
312,jCHO,1
312,jCHI,1
312,jPI5,1
312,jFF6,1
312,jBL6,1
313,jHG5,1
313,jCRA,1
313,jPL5,1
313,jSM4,1
313,jCA6,1
313,jCHO,1
313,jCHI,1
313,jPI5,1
313,jFF6,1
313,jBL6,1
314,jHG5,1
314,jCRA,1
314,jPL5,1
314,jSM4,1
314,jCA6,1
314,jCHO,1
314,jCHI,1
314,jPI5,1
314,jFF6,1
314,jBL6,1
315,jHG5,1
315,jCRA,1
315,jPL5,1
315,jSM4,1
315,jCA6,1
315,jCHO,1
315,jCHI,1
315,jPI5,1
315,jFF6,1
315,jBL6,1
316,jHG5,1
316,jCRA,1
316,jPL5,1
316,jSM4,1
316,jCA6,1
316,jCHO,1
316,jCHI,1
316,jPI5,1
316,jFF6,1
316,jBL6,1
317,jHG5,1
317,jCRA,1
317,jPL5,1
317,jSM4,1
317,jCA6,1
317,jCHO,1
317,jCHI,1
317,jPI5,1
317,jFF6,1
317,jBL6,1
318,jHG5,1
318,jCRA,1
318,jPL5,1
318,jSM4,1
318,jCA6,1
318,jCHO,1
318,jCHI,1
318,jPI5,1
318,jFF6,1
318,jBL6,1
319,jHG5,1
319,jCRA,1
319,jPL5,1
319,jSM4,1
319,jCA6,1
319,jCHO,1
319,jCHI,1
319,jPI5,1
319,jFF6,1
319,jBL6,1
320,jHG5,1
320,jCRA,1
320,jPL5,1
320,jSM4,1
320,jCA6,1
320,jCHO,1
320,jCHI,1
320,jPI5,1
320,jFF6,1
320,jBL6,1
321,jHG5,1
321,jCRA,1
321,jPL5,1
321,jSM4,1
321,jCA6,1
321,jCHO,1
321,jCHI,1
321,jPI5,1
321,jFF6,1
321,jBL6,1
322,jHG5,1
322,jCRA,1
322,jPL5,1
322,jSM4,1
322,jCA6,1
322,jCHO,1
322,jCHI,1
322,jPI5,1
322,jFF6,1
322,jBL6,1
323,jHG5,1
323,jCRA,1
323,jPL5,1
323,jSM4,1
323,jCA6,1
323,jCHO,1
323,jCHI,1
323,jPI5,1
323,jFF6,1
323,jBL6,1
324,jHG5,1
324,jCRA,1
324,jPL5,1
324,jSM4,1
324,jCA6,1
324,jCHO,1
324,jCHI,1
324,jPI5,1
324,jFF6,1
324,jBL6,1
325,jHG5,1
325,jCRA,1
325,jPL5,1
325,jSM4,1
325,jCA6,1
325,jCHO,1
325,jCHI,1
325,jPI5,1
325,jFF6,1
325,jBL6,1
326,jHG5,1
326,jCRA,1
326,jPL5,1
326,jSM4,1
326,jCA6,1
326,jCHO,1
326,jCHI,1
326,jPI5,1
326,jFF6,1
326,jBL6,1
327,jHG5,1
327,jCRA,1
327,jPL5,1
327,jSM4,1
327,jCA6,1
327,jCHO,1
327,jCHI,1
327,jPI5,1
327,jFF6,1
327,jBL6,1
328,jHG5,1
328,jCRA,1
328,jPL5,1
328,jSM4,1
328,jCA6,1
328,jCHO,1
328,jCHI,1
328,jPI5,1
328,jFF6,1
328,jBL6,1
329,jHG5,1
329,jCRA,1
329,jPL5,1
329,jSM4,1
329,jCA6,1
329,jCHO,1
329,jCHI,1
329,jPI5,1
329,jFF6,1
329,jBL6,1
330,jHG5,1
330,jCRA,1
330,jPL5,1
330,jSM4,1
330,jCA6,1
330,jCHO,1
330,jCHI,1
330,jPI5,1
330,jFF6,1
330,jBL6,1
331,jHG5,1
331,jCRA,1
331,jPL5,1
331,jSM4,1
331,jCA6,1
331,jCHO,1
331,jCHI,1
331,jPI5,1
331,jFF6,1
331,jBL6,1
332,jHG5,1
332,jCRA,1
332,jPL5,1
332,jSM4,1
332,jCA6,1
332,jCHO,1
332,jCHI,1
332,jPI5,1
332,jFF6,1
332,jBL6,1
333,jHG5,1
333,jCRA,1
333,jPL5,1
333,jSM4,1
333,jCA6,1
333,jCHO,1
333,jCHI,1
333,jPI5,1
333,jFF6,1
333,jBL6,1
334,jHG5,1
334,jCRA,1
334,jPL5,1
334,jSM4,1
334,jCA6,1
334,jCHO,1
334,jCHI,1
334,jPI5,1
334,jFF6,1
334,jBL6,1
335,jHG5,1
335,jCRA,1
335,jPL5,1
335,jSM4,1
335,jCA6,1
335,jCHO,1
335,jCHI,1
335,jPI5,1
335,jFF6,1
335,jBL6,1
336,jHG5,1
336,jCRA,1
336,jPL5,1
336,jSM4,1
336,jCA6,1
336,jCHO,1
336,jCHI,1
336,jPI5,1
336,jFF6,1
336,jBL6,1
337,jHG5,1
337,jCRA,1
337,jPL5,1
337,jSM4,1
337,jCA6,1
337,jCHO,1
337,jCHI,1
337,jPI5,1
337,jFF6,1
337,jBL6,1
338,jHG5,1
338,jCRA,1
338,jPL5,1
338,jSM4,1
338,jCA6,1
338,jCHO,1
338,jCHI,1
338,jPI5,1
338,jFF6,1
338,jBL6,1
339,jHG5,1
339,jCRA,1
339,jPL5,1
339,jSM4,1
339,jCA6,1
339,jCHO,1
339,jCHI,1
339,jPI5,1
339,jFF6,1
339,jBL6,1
340,jHG5,1
340,jCRA,1
340,jPL5,1
340,jSM4,1
340,jCA6,1
340,jCHO,1
340,jCHI,1
340,jPI5,1
340,jFF6,1
340,jBL6,1
341,jHG5,1
341,jCRA,1
341,jPL5,1
341,jSM4,1
341,jCA6,1
341,jCHO,1
341,jCHI,1
341,jPI5,1
341,jFF6,1
341,jBL6,1
342,jHG5,1
342,jCRA,1
342,jPL5,1
342,jSM4,1
342,jCA6,1
342,jCHO,1
342,jCHI,1
342,jPI5,1
342,jFF6,1
342,jBL6,1
343,jHG5,1
343,jCRA,1
343,jPL5,1
343,jSM4,1
343,jCA6,1
343,jCHO,1
343,jCHI,1
343,jPI5,1
343,jFF6,1
343,jBL6,1
344,jHG5,1
344,jCRA,1
344,jPL5,1
344,jSM4,1
344,jCA6,1
344,jCHO,1
344,jCHI,1
344,jPI5,1
344,jFF6,1
344,jBL6,1
345,jHG5,1
345,jCRA,1
345,jPL5,1
345,jSM4,1
345,jCA6,1
345,jCHO,1
345,jCHI,1
345,jPI5,1
345,jFF6,1
345,jBL6,1
346,jHG5,1
346,jCRA,1
346,jPL5,1
346,jSM4,1
346,jCA6,1
346,jCHO,1
346,jCHI,1
346,jPI5,1
346,jFF6,1
346,jBL6,1
347,jHG5,1
347,jCRA,1
347,jPL5,1
347,jSM4,1
347,jCA6,1
347,jCHO,1
347,jCHI,1
347,jPI5,1
347,jFF6,1
347,jBL6,1
348,jHG5,1
348,jCRA,1
348,jPL5,1
348,jSM4,1
348,jCA6,1
348,jCHO,1
348,jCHI,1
348,jPI5,1
348,jFF6,1
348,jBL6,1
349,jHG5,1
349,jCRA,1
349,jPL5,1
349,jSM4,1
349,jCA6,1
349,jCHO,1
349,jCHI,1
349,jPI5,1
349,jFF6,1
349,jBL6,1
350,jHG5,1
350,jCRA,1
350,jPL5,1
350,jSM4,1
350,jCA6,1
350,jCHO,1
350,jCHI,1
350,jPI5,1
350,jFF6,1
350,jBL6,1
351,jHG5,1
351,jCRA,1
351,jPL5,1
351,jSM4,1
351,jCA6,1
351,jCHO,1
351,jCHI,1
351,jPI5,1
351,jFF6,1
351,jBL6,1
352,jHG5,1
352,jCRA,1
352,jPL5,1
352,jSM4,1
352,jCA6,1
352,jCHO,1
352,jCHI,1
352,jPI5,1
352,jFF6,1
352,jBL6,1
353,jHG5,1
353,jCRA,1
353,jPL5,1
353,jSM4,1
353,jCA6,1
353,jCHO,1
353,jCHI,1
353,jPI5,1
353,jFF6,1
353,jBL6,1
354,jHG5,1
354,jCRA,1
354,jPL5,1
354,jSM4,1
354,jCA6,1
354,jCHO,1
354,jCHI,1
354,jPI5,1
354,jFF6,1
354,jBL6,1
355,jHG5,1
355,jCRA,1
355,jPL5,1
355,jSM4,1
355,jCA6,1
355,jCHO,1
355,jCHI,1
355,jPI5,1
355,jFF6,1
355,jBL6,1
356,jHG5,1
356,jCRA,1
356,jPL5,1
356,jSM4,1
356,jCA6,1
356,jCHO,1
356,jCHI,1
356,jPI5,1
356,jFF6,1
356,jBL6,1
357,jHG5,1
357,jCRA,1
357,jPL5,1
357,jSM4,1
357,jCA6,1
357,jCHO,1
357,jCHI,1
357,jPI5,1
357,jFF6,1
357,jBL6,1
358,jHG5,1
358,jCRA,1
358,jPL5,1
358,jSM4,1
358,jCA6,1
358,jCHO,1
358,jCHI,1
358,jPI5,1
358,jFF6,1
358,jBL6,1
359,jHG5,1
359,jCRA,1
359,jPL5,1
359,jSM4,1
359,jCA6,1
359,jCHO,1
359,jCHI,1
359,jPI5,1
359,jFF6,1
359,jBL6,1
360,jHG5,1
360,jCRA,1
360,jPL5,1
360,jSM4,1
360,jCA6,1
360,jCHO,1
360,jCHI,1
360,jPI5,1
360,jFF6,1
360,jBL6,1
361,jHG5,1
361,jCRA,1
361,jPL5,1
361,jSM4,1
361,jCA6,1
361,jCHO,1
361,jCHI,1
361,jPI5,1
361,jFF6,1
361,jBL6,1
362,jHG5,1
362,jCRA,1
362,jPL5,1
362,jSM4,1
362,jCA6,1
362,jCHO,1
362,jCHI,1
362,jPI5,1
362,jFF6,1
362,jBL6,1
363,jHG5,1
363,jCRA,1
363,jPL5,1
363,jSM4,1
363,jCA6,1
363,jCHO,1
363,jCHI,1
363,jPI5,1
363,jFF6,1
363,jBL6,1
364,jHG5,1
364,jCRA,1
364,jPL5,1
364,jSM4,1
364,jCA6,1
364,jCHO,1
364,jCHI,1
364,jPI5,1
364,jFF6,1
364,jBL6,1
365,jHG5,1
365,jCRA,1
365,jPL5,1
365,jSM4,1
365,jCA6,1
365,jCHO,1
365,jCHI,1
365,jPI5,1
365,jFF6,1
365,jBL6,1
366,jHG5,1
366,jCRA,1
366,jPL5,1
366,jSM4,1
366,jCA6,1
366,jCHO,1
366,jCHI,1
366,jPI5,1
366,jFF6,1
366,jBL6,1
367,jHG5,1
367,jCRA,1
367,jPL5,1
367,jSM4,1
367,jCA6,1
367,jCHO,1
367,jCHI,1
367,jPI5,1
367,jFF6,1
367,jBL6,1
368,jHG5,1
368,jCRA,1
368,jPL5,1
368,jSM4,1
368,jCA6,1
368,jCHO,1
368,jCHI,1
368,jPI5,1
368,jFF6,1
368,jBL6,1
369,jHG5,1
369,jCRA,1
369,jPL5,1
369,jSM4,1
369,jCA6,1
369,jCHO,1
369,jCHI,1
369,jPI5,1
369,jFF6,1
369,jBL6,1
370,jHG5,1
370,jCRA,1
370,jPL5,1
370,jSM4,1
370,jCA6,1
370,jCHO,1
370,jCHI,1
370,jPI5,1
370,jFF6,1
370,jBL6,1
371,jHG5,1
371,jCRA,1
371,jPL5,1
371,jSM4,1
371,jCA6,1
371,jCHO,1
371,jCHI,1
371,jPI5,1
371,jFF6,1
371,jBL6,1
372,jHG5,1
372,jCRA,1
372,jPL5,1
372,jSM4,1
372,jCA6,1
372,jCHO,1
372,jCHI,1
372,jPI5,1
372,jFF6,1
372,jBL6,1
373,jHG5,1
373,jCRA,1
373,jPL5,1
373,jSM4,1
373,jCA6,1
373,jCHO,1
373,jCHI,1
373,jPI5,1
373,jFF6,1
373,jBL6,1
374,jHG5,1
374,jCRA,1
374,jPL5,1
374,jSM4,1
374,jCA6,1
374,jCHO,1
374,jCHI,1
374,jPI5,1
374,jFF6,1
374,jBL6,1
375,jHG5,1
375,jCRA,1
375,jPL5,1
375,jSM4,1
375,jCA6,1
375,jCHO,1
375,jCHI,1
375,jPI5,1
375,jFF6,1
375,jBL6,1
376,jHG5,1
376,jCRA,1
376,jPL5,1
376,jSM4,1
376,jCA6,1
376,jCHO,1
376,jCHI,1
376,jPI5,1
376,jFF6,1
376,jBL6,1
377,jHG5,1
377,jCRA,1
377,jPL5,1
377,jSM4,1
377,jCA6,1
377,jCHO,1
377,jCHI,1
377,jPI5,1
377,jFF6,1
377,jBL6,1
378,jHG5,1
378,jCRA,1
378,jPL5,1
378,jSM4,1
378,jCA6,1
378,jCHO,1
378,jCHI,1
378,jPI5,1
378,jFF6,1
378,jBL6,1
379,jHG5,1
379,jCRA,1
379,jPL5,1
379,jSM4,1
379,jCA6,1
379,jCHO,1
379,jCHI,1
379,jPI5,1
379,jFF6,1
379,jBL6,1
380,jHG5,1
380,jCRA,1
380,jPL5,1
380,jSM4,1
380,jCA6,1
380,jCHO,1
380,jCHI,1
380,jPI5,1
380,jFF6,1
380,jBL6,1
381,jHG5,1
381,jCRA,1
381,jPL5,1
381,jSM4,1
381,jCA6,1
381,jCHO,1
381,jCHI,1
381,jPI5,1
381,jFF6,1
381,jBL6,1
382,jHG5,1
382,jCRA,1
382,jPL5,1
382,jSM4,1
382,jCA6,1
382,jCHO,1
382,jCHI,1
382,jPI5,1
382,jFF6,1
382,jBL6,1
383,jHG5,1
383,jCRA,1
383,jPL5,1
383,jSM4,1
383,jCA6,1
383,jCHO,1
383,jCHI,1
383,jPI5,1
383,jFF6,1
383,jBL6,1
384,jHG5,1
384,jCRA,1
384,jPL5,1
384,jSM4,1
384,jCA6,1
384,jCHO,1
384,jCHI,1
384,jPI5,1
384,jFF6,1
384,jBL6,1
385,jHG5,1
385,jCRA,1
385,jPL5,1
385,jSM4,1
385,jCA6,1
385,jCHO,1
385,jCHI,1
385,jPI5,1
385,jFF6,1
385,jBL6,1
386,jHG5,1
386,jCRA,1
386,jPL5,1
386,jSM4,1
386,jCA6,1
386,jCHO,1
386,jCHI,1
386,jPI5,1
386,jFF6,1
386,jBL6,1
387,jHG5,1
387,jCRA,1
387,jPL5,1
387,jSM4,1
387,jCA6,1
387,jCHO,1
387,jCHI,1
387,jPI5,1
387,jFF6,1
387,jBL6,1
388,jHG5,1
388,jCRA,1
388,jPL5,1
388,jSM4,1
388,jCA6,1
388,jCHO,1
388,jCHI,1
388,jPI5,1
388,jFF6,1
388,jBL6,1
389,jHG5,1
389,jCRA,1
389,jPL5,1
389,jSM4,1
389,jCA6,1
389,jCHO,1
389,jCHI,1
389,jPI5,1
389,jFF6,1
389,jBL6,1
390,jHG5,1
390,jCRA,1
390,jPL5,1
390,jSM4,1
390,jCA6,1
390,jCHO,1
390,jCHI,1
390,jPI5,1
390,jFF6,1
390,jBL6,1
391,jHG5,1
391,jCRA,1
391,jPL5,1
391,jSM4,1
391,jCA6,1
391,jCHO,1
391,jCHI,1
391,jPI5,1
391,jFF6,1
391,jBL6,1
392,jHG5,1
392,jCRA,1
392,jPL5,1
392,jSM4,1
392,jCA6,1
392,jCHO,1
392,jCHI,1
392,jPI5,1
392,jFF6,1
392,jBL6,1
393,jHG5,1
393,jCRA,1
393,jPL5,1
393,jSM4,1
393,jCA6,1
393,jCHO,1
393,jCHI,1
393,jPI5,1
393,jFF6,1
393,jBL6,1
394,jHG5,1
394,jCRA,1
394,jPL5,1
394,jSM4,1
394,jCA6,1
394,jCHO,1
394,jCHI,1
394,jPI5,1
394,jFF6,1
394,jBL6,1
395,jHG5,1
395,jCRA,1
395,jPL5,1
395,jSM4,1
395,jCA6,1
395,jCHO,1
395,jCHI,1
395,jPI5,1
395,jFF6,1
395,jBL6,1
396,jHG5,1
396,jCRA,1
396,jPL5,1
396,jSM4,1
396,jCA6,1
396,jCHO,1
396,jCHI,1
396,jPI5,1
396,jFF6,1
396,jBL6,1
397,jHG5,1
397,jCRA,1
397,jPL5,1
397,jSM4,1
397,jCA6,1
397,jCHO,1
397,jCHI,1
397,jPI5,1
397,jFF6,1
397,jBL6,1
398,jHG5,1
398,jCRA,1
398,jPL5,1
398,jSM4,1
398,jCA6,1
398,jCHO,1
398,jCHI,1
398,jPI5,1
398,jFF6,1
398,jBL6,1
399,jHG5,1
399,jCRA,1
399,jPL5,1
399,jSM4,1
399,jCA6,1
399,jCHO,1
399,jCHI,1
399,jPI5,1
399,jFF6,1
399,jBL6,1
400,jHG5,1
400,jCRA,1
400,jPL5,1
400,jSM4,1
400,jCA6,1
400,jCHO,1
400,jCHI,1
400,jPI5,1
400,jFF6,1
400,jBL6,1
401,jHG5,1
401,jCRA,1
401,jPL5,1
401,jSM4,1
401,jCA6,1
401,jCHO,1
401,jCHI,1
401,jPI5,1
401,jFF6,1
401,jBL6,1
402,jHG5,1
402,jCRA,1
402,jPL5,1
402,jSM4,1
402,jCA6,1
402,jCHO,1
402,jCHI,1
402,jPI5,1
402,jFF6,1
402,jBL6,1
403,jHG5,1
403,jCRA,1
403,jPL5,1
403,jSM4,1
403,jCA6,1
403,jCHO,1
403,jCHI,1
403,jPI5,1
403,jFF6,1
403,jBL6,1
404,jHG5,1
404,jCRA,1
404,jPL5,1
404,jSM4,1
404,jCA6,1
404,jCHO,1
404,jCHI,1
404,jPI5,1
404,jFF6,1
404,jBL6,1
405,jHG5,1
405,jCRA,1
405,jPL5,1
405,jSM4,1
405,jCA6,1
405,jCHO,1
405,jCHI,1
405,jPI5,1
405,jFF6,1
405,jBL6,1
406,jHG5,1
406,jCRA,1
406,jPL5,1
406,jSM4,1
406,jCA6,1
406,jCHO,1
406,jCHI,1
406,jPI5,1
406,jFF6,1
406,jBL6,1
407,jHG5,1
407,jCRA,1
407,jPL5,1
407,jSM4,1
407,jCA6,1
407,jCHO,1
407,jCHI,1
407,jPI5,1
407,jFF6,1
407,jBL6,1
408,jHG5,1
408,jCRA,1
408,jPL5,1
408,jSM4,1
408,jCA6,1
408,jCHO,1
408,jCHI,1
408,jPI5,1
408,jFF6,1
408,jBL6,1
409,jHG5,1
409,jCRA,1
409,jPL5,1
409,jSM4,1
409,jCA6,1
409,jCHO,1
409,jCHI,1
409,jPI5,1
409,jFF6,1
409,jBL6,1
410,jHG5,1
410,jCRA,1
410,jPL5,1
410,jSM4,1
410,jCA6,1
410,jCHO,1
410,jCHI,1
410,jPI5,1
410,jFF6,1
410,jBL6,1
411,jHG5,1
411,jCRA,1
411,jPL5,1
411,jSM4,1
411,jCA6,1
411,jCHO,1
411,jCHI,1
411,jPI5,1
411,jFF6,1
411,jBL6,1
412,jHG5,1
412,jCRA,1
412,jPL5,1
412,jSM4,1
412,jCA6,1
412,jCHO,1
412,jCHI,1
412,jPI5,1
412,jFF6,1
412,jBL6,1
413,jHG5,1
413,jCRA,1
413,jPL5,1
413,jSM4,1
413,jCA6,1
413,jCHO,1
413,jCHI,1
413,jPI5,1
413,jFF6,1
413,jBL6,1
414,jHG5,1
414,jCRA,1
414,jPL5,1
414,jSM4,1
414,jCA6,1
414,jCHO,1
414,jCHI,1
414,jPI5,1
414,jFF6,1
414,jBL6,1
415,jHG5,1
415,jCRA,1
415,jPL5,1
415,jSM4,1
415,jCA6,1
415,jCHO,1
415,jCHI,1
415,jPI5,1
415,jFF6,1
415,jBL6,1
416,jHG5,1
416,jCRA,1
416,jPL5,1
416,jSM4,1
416,jCA6,1
416,jCHO,1
416,jCHI,1
416,jPI5,1
416,jFF6,1
416,jBL6,1
417,jHG5,1
417,jCRA,1
417,jPL5,1
417,jSM4,1
417,jCA6,1
417,jCHO,1
417,jCHI,1
417,jPI5,1
417,jFF6,1
417,jBL6,1
418,jHG5,1
418,jCRA,1
418,jPL5,1
418,jSM4,1
418,jCA6,1
418,jCHO,1
418,jCHI,1
418,jPI5,1
418,jFF6,1
418,jBL6,1
419,jHG5,1
419,jCRA,1
419,jPL5,1
419,jSM4,1
419,jCA6,1
419,jCHO,1
419,jCHI,1
419,jPI5,1
419,jFF6,1
419,jBL6,1
420,jHG5,1
420,jCRA,1
420,jPL5,1
420,jSM4,1
420,jCA6,1
420,jCHO,1
420,jCHI,1
420,jPI5,1
420,jFF6,1
420,jBL6,1
421,jHG5,1
421,jCRA,1
421,jPL5,1
421,jSM4,1
421,jCA6,1
421,jCHO,1
421,jCHI,1
421,jPI5,1
421,jFF6,1
421,jBL6,1
422,jHG5,1
422,jCRA,1
422,jPL5,1
422,jSM4,1
422,jCA6,1
422,jCHO,1
422,jCHI,1
422,jPI5,1
422,jFF6,1
422,jBL6,1
423,jHG5,1
423,jCRA,1
423,jPL5,1
423,jSM4,1
423,jCA6,1
423,jCHO,1
423,jCHI,1
423,jPI5,1
423,jFF6,1
423,jBL6,1
424,jHG5,1
424,jCRA,1
424,jPL5,1
424,jSM4,1
424,jCA6,1
424,jCHO,1
424,jCHI,1
424,jPI5,1
424,jFF6,1
424,jBL6,1
425,jHG5,1
425,jCRA,1
425,jPL5,1
425,jSM4,1
425,jCA6,1
425,jCHO,1
425,jCHI,1
425,jPI5,1
425,jFF6,1
425,jBL6,1
426,jHG5,1
426,jCRA,1
426,jPL5,1
426,jSM4,1
426,jCA6,1
426,jCHO,1
426,jCHI,1
426,jPI5,1
426,jFF6,1
426,jBL6,1
427,jHG5,1
427,jCRA,1
427,jPL5,1
427,jSM4,1
427,jCA6,1
427,jCHO,1
427,jCHI,1
427,jPI5,1
427,jFF6,1
427,jBL6,1
428,jHG5,1
428,jCRA,1
428,jPL5,1
428,jSM4,1
428,jCA6,1
428,jCHO,1
428,jCHI,1
428,jPI5,1
428,jFF6,1
428,jBL6,1
429,jHG5,1
429,jCRA,1
429,jPL5,1
429,jSM4,1
429,jCA6,1
429,jCHO,1
429,jCHI,1
429,jPI5,1
429,jFF6,1
429,jBL6,1
430,jHG5,1
430,jCRA,1
430,jPL5,1
430,jSM4,1
430,jCA6,1
430,jCHO,1
430,jCHI,1
430,jPI5,1
430,jFF6,1
430,jBL6,1
431,jHG5,1
431,jCRA,1
431,jPL5,1
431,jSM4,1
431,jCA6,1
431,jCHO,1
431,jCHI,1
431,jPI5,1
431,jFF6,1
431,jBL6,1
432,jHG5,1
432,jCRA,1
432,jPL5,1
432,jSM4,1
432,jCA6,1
432,jCHO,1
432,jCHI,1
432,jPI5,1
432,jFF6,1
432,jBL6,1
433,jHG5,1
433,jCRA,1
433,jPL5,1
433,jSM4,1
433,jCA6,1
433,jCHO,1
433,jCHI,1
433,jPI5,1
433,jFF6,1
433,jBL6,1
434,jHG5,1
434,jCRA,1
434,jPL5,1
434,jSM4,1
434,jCA6,1
434,jCHO,1
434,jCHI,1
434,jPI5,1
434,jFF6,1
434,jBL6,1
435,jHG5,1
435,jCRA,1
435,jPL5,1
435,jSM4,1
435,jCA6,1
435,jCHO,1
435,jCHI,1
435,jPI5,1
435,jFF6,1
435,jBL6,1
436,jHG5,1
436,jCRA,1
436,jPL5,1
436,jSM4,1
436,jCA6,1
436,jCHO,1
436,jCHI,1
436,jPI5,1
436,jFF6,1
436,jBL6,1
437,jHG5,1
437,jCRA,1
437,jPL5,1
437,jSM4,1
437,jCA6,1
437,jCHO,1
437,jCHI,1
437,jPI5,1
437,jFF6,1
437,jBL6,1
438,jHG5,1
438,jCRA,1
438,jPL5,1
438,jSM4,1
438,jCA6,1
438,jCHO,1
438,jCHI,1
438,jPI5,1
438,jFF6,1
438,jBL6,1
439,jHG5,1
439,jCRA,1
439,jPL5,1
439,jSM4,1
439,jCA6,1
439,jCHO,1
439,jCHI,1
439,jPI5,1
439,jFF6,1
439,jBL6,1
440,jHG5,1
440,jCRA,1
440,jPL5,1
440,jSM4,1
440,jCA6,1
440,jCHO,1
440,jCHI,1
440,jPI5,1
440,jFF6,1
440,jBL6,1
441,jHG5,1
441,jCRA,1
441,jPL5,1
441,jSM4,1
441,jCA6,1
441,jCHO,1
441,jCHI,1
441,jPI5,1
441,jFF6,1
441,jBL6,1
442,jHG5,1
442,jCRA,1
442,jPL5,1
442,jSM4,1
442,jCA6,1
442,jCHO,1
442,jCHI,1
442,jPI5,1
442,jFF6,1
442,jBL6,1
443,jHG5,1
443,jCRA,1
443,jPL5,1
443,jSM4,1
443,jCA6,1
443,jCHO,1
443,jCHI,1
443,jPI5,1
443,jFF6,1
443,jBL6,1
444,jHG5,1
444,jCRA,1
444,jPL5,1
444,jSM4,1
444,jCA6,1
444,jCHO,1
444,jCHI,1
444,jPI5,1
444,jFF6,1
444,jBL6,1
445,jHG5,1
445,jCRA,1
445,jPL5,1
445,jSM4,1
445,jCA6,1
445,jCHO,1
445,jCHI,1
445,jPI5,1
445,jFF6,1
445,jBL6,1
446,jHG5,1
446,jCRA,1
446,jPL5,1
446,jSM4,1
446,jCA6,1
446,jCHO,1
446,jCHI,1
446,jPI5,1
446,jFF6,1
446,jBL6,1
447,jHG5,1
447,jCRA,1
447,jPL5,1
447,jSM4,1
447,jCA6,1
447,jCHO,1
447,jCHI,1
447,jPI5,1
447,jFF6,1
447,jBL6,1
448,jHG5,1
448,jCRA,1
448,jPL5,1
448,jSM4,1
448,jCA6,1
448,jCHO,1
448,jCHI,1
448,jPI5,1
448,jFF6,1
448,jBL6,1
449,jHG5,1
449,jCRA,1
449,jPL5,1
449,jSM4,1
449,jCA6,1
449,jCHO,1
449,jCHI,1
449,jPI5,1
449,jFF6,1
449,jBL6,1
450,jHG5,1
450,jCRA,1
450,jPL5,1
450,jSM4,1
450,jCA6,1
450,jCHO,1
450,jCHI,1
450,jPI5,1
450,jFF6,1
450,jBL6,1
451,jHG5,1
451,jCRA,1
451,jPL5,1
451,jSM4,1
451,jCA6,1
451,jCHO,1
451,jCHI,1
451,jPI5,1
451,jFF6,1
451,jBL6,1
452,jHG5,1
452,jCRA,1
452,jPL5,1
452,jSM4,1
452,jCA6,1
452,jCHO,1
452,jCHI,1
452,jPI5,1
452,jFF6,1
452,jBL6,1
453,jHG5,1
453,jCRA,1
453,jPL5,1
453,jSM4,1
453,jCA6,1
453,jCHO,1
453,jCHI,1
453,jPI5,1
453,jFF6,1
453,jBL6,1
454,jHG5,1
454,jCRA,1
454,jPL5,1
454,jSM4,1
454,jCA6,1
454,jCHO,1
454,jCHI,1
454,jPI5,1
454,jFF6,1
454,jBL6,1
455,jHG5,1
455,jCRA,1
455,jPL5,1
455,jSM4,1
455,jCA6,1
455,jCHO,1
455,jCHI,1
455,jPI5,1
455,jFF6,1
455,jBL6,1
456,jHG5,1
456,jCRA,1
456,jPL5,1
456,jSM4,1
456,jCA6,1
456,jCHO,1
456,jCHI,1
456,jPI5,1
456,jFF6,1
456,jBL6,1
457,jHG5,1
457,jCRA,1
457,jPL5,1
457,jSM4,1
457,jCA6,1
457,jCHO,1
457,jCHI,1
457,jPI5,1
457,jFF6,1
457,jBL6,1
458,jHG5,1
458,jCRA,1
458,jPL5,1
458,jSM4,1
458,jCA6,1
458,jCHO,1
458,jCHI,1
458,jPI5,1
458,jFF6,1
458,jBL6,1
459,jHG5,1
459,jCRA,1
459,jPL5,1
459,jSM4,1
459,jCA6,1
459,jCHO,1
459,jCHI,1
459,jPI5,1
459,jFF6,1
459,jBL6,1
460,jHG5,1
460,jCRA,1
460,jPL5,1
460,jSM4,1
460,jCA6,1
460,jCHO,1
460,jCHI,1
460,jPI5,1
460,jFF6,1
460,jBL6,1
461,jHG5,1
461,jCRA,1
461,jPL5,1
461,jSM4,1
461,jCA6,1
461,jCHO,1
461,jCHI,1
461,jPI5,1
461,jFF6,1
461,jBL6,1
462,jHG5,1
462,jCRA,1
462,jPL5,1
462,jSM4,1
462,jCA6,1
462,jCHO,1
462,jCHI,1
462,jPI5,1
462,jFF6,1
462,jBL6,1
463,jHG5,1
463,jCRA,1
463,jPL5,1
463,jSM4,1
463,jCA6,1
463,jCHO,1
463,jCHI,1
463,jPI5,1
463,jFF6,1
463,jBL6,1
464,jHG5,1
464,jCRA,1
464,jPL5,1
464,jSM4,1
464,jCA6,1
464,jCHO,1
464,jCHI,1
464,jPI5,1
464,jFF6,1
464,jBL6,1
465,jHG5,1
465,jCRA,1
465,jPL5,1
465,jSM4,1
465,jCA6,1
465,jCHO,1
465,jCHI,1
465,jPI5,1
465,jFF6,1
465,jBL6,1
466,jHG5,1
466,jCRA,1
466,jPL5,1
466,jSM4,1
466,jCA6,1
466,jCHO,1
466,jCHI,1
466,jPI5,1
466,jFF6,1
466,jBL6,1
467,jHG5,1
467,jCRA,1
467,jPL5,1
467,jSM4,1
467,jCA6,1
467,jCHO,1
467,jCHI,1
467,jPI5,1
467,jFF6,1
467,jBL6,1
468,jHG5,1
468,jCRA,1
468,jPL5,1
468,jSM4,1
468,jCA6,1
468,jCHO,1
468,jCHI,1
468,jPI5,1
468,jFF6,1
468,jBL6,1
469,jHG5,1
469,jCRA,1
469,jPL5,1
469,jSM4,1
469,jCA6,1
469,jCHO,1
469,jCHI,1
469,jPI5,1
469,jFF6,1
469,jBL6,1
470,jHG5,1
470,jCRA,1
470,jPL5,1
470,jSM4,1
470,jCA6,1
470,jCHO,1
470,jCHI,1
470,jPI5,1
470,jFF6,1
470,jBL6,1
471,jHG5,1
471,jCRA,1
471,jPL5,1
471,jSM4,1
471,jCA6,1
471,jCHO,1
471,jCHI,1
471,jPI5,1
471,jFF6,1
471,jBL6,1
472,jHG5,1
472,jCRA,1
472,jPL5,1
472,jSM4,1
472,jCA6,1
472,jCHO,1
472,jCHI,1
472,jPI5,1
472,jFF6,1
472,jBL6,1
473,jHG5,1
473,jCRA,1
473,jPL5,1
473,jSM4,1
473,jCA6,1
473,jCHO,1
473,jCHI,1
473,jPI5,1
473,jFF6,1
473,jBL6,1
474,jHG5,1
474,jCRA,1
474,jPL5,1
474,jSM4,1
474,jCA6,1
474,jCHO,1
474,jCHI,1
474,jPI5,1
474,jFF6,1
474,jBL6,1
475,jHG5,1
475,jCRA,1
475,jPL5,1
475,jSM4,1
475,jCA6,1
475,jCHO,1
475,jCHI,1
475,jPI5,1
475,jFF6,1
475,jBL6,1
476,jHG5,1
476,jCRA,1
476,jPL5,1
476,jSM4,1
476,jCA6,1
476,jCHO,1
476,jCHI,1
476,jPI5,1
476,jFF6,1
476,jBL6,1
477,jHG5,1
477,jCRA,1
477,jPL5,1
477,jSM4,1
477,jCA6,1
477,jCHO,1
477,jCHI,1
477,jPI5,1
477,jFF6,1
477,jBL6,1
478,jHG5,1
478,jCRA,1
478,jPL5,1
478,jSM4,1
478,jCA6,1
478,jCHO,1
478,jCHI,1
478,jPI5,1
478,jFF6,1
478,jBL6,1
479,jHG5,1
479,jCRA,1
479,jPL5,1
479,jSM4,1
479,jCA6,1
479,jCHO,1
479,jCHI,1
479,jPI5,1
479,jFF6,1
479,jBL6,1
480,jHG5,1
480,jCRA,1
480,jPL5,1
480,jSM4,1
480,jCA6,1
480,jCHO,1
480,jCHI,1
480,jPI5,1
480,jFF6,1
480,jBL6,1
481,jHG5,1
481,jCRA,1
481,jPL5,1
481,jSM4,1
481,jCA6,1
481,jCHO,1
481,jCHI,1
481,jPI5,1
481,jFF6,1
481,jBL6,1
482,jHG5,1
482,jCRA,1
482,jPL5,1
482,jSM4,1
482,jCA6,1
482,jCHO,1
482,jCHI,1
482,jPI5,1
482,jFF6,1
482,jBL6,1
483,jHG5,1
483,jCRA,1
483,jPL5,1
483,jSM4,1
483,jCA6,1
483,jCHO,1
483,jCHI,1
483,jPI5,1
483,jFF6,1
483,jBL6,1
484,jHG5,1
484,jCRA,1
484,jPL5,1
484,jSM4,1
484,jCA6,1
484,jCHO,1
484,jCHI,1
484,jPI5,1
484,jFF6,1
484,jBL6,1
485,jHG5,1
485,jCRA,1
485,jPL5,1
485,jSM4,1
485,jCA6,1
485,jCHO,1
485,jCHI,1
485,jPI5,1
485,jFF6,1
485,jBL6,1
486,jHG5,1
486,jCRA,1
486,jPL5,1
486,jSM4,1
486,jCA6,1
486,jCHO,1
486,jCHI,1
486,jPI5,1
486,jFF6,1
486,jBL6,1
487,jHG5,1
487,jCRA,1
487,jPL5,1
487,jSM4,1
487,jCA6,1
487,jCHO,1
487,jCHI,1
487,jPI5,1
487,jFF6,1
487,jBL6,1
488,jHG5,1
488,jCRA,1
488,jPL5,1
488,jSM4,1
488,jCA6,1
488,jCHO,1
488,jCHI,1
488,jPI5,1
488,jFF6,1
488,jBL6,1
489,jHG5,1
489,jCRA,1
489,jPL5,1
489,jSM4,1
489,jCA6,1
489,jCHO,1
489,jCHI,1
489,jPI5,1
489,jFF6,1
489,jBL6,1
490,jHG5,1
490,jCRA,1
490,jPL5,1
490,jSM4,1
490,jCA6,1
490,jCHO,1
490,jCHI,1
490,jPI5,1
490,jFF6,1
490,jBL6,1
491,jHG5,1
491,jCRA,1
491,jPL5,1
491,jSM4,1
491,jCA6,1
491,jCHO,1
491,jCHI,1
491,jPI5,1
491,jFF6,1
491,jBL6,1
492,jHG5,1
492,jCRA,1
492,jPL5,1
492,jSM4,1
492,jCA6,1
492,jCHO,1
492,jCHI,1
492,jPI5,1
492,jFF6,1
492,jBL6,1
493,jHG5,1
493,jCRA,1
493,jPL5,1
493,jSM4,1
493,jCA6,1
493,jCHO,1
493,jCHI,1
493,jPI5,1
493,jFF6,1
493,jBL6,1
494,jHG5,1
494,jCRA,1
494,jPL5,1
494,jSM4,1
494,jCA6,1
494,jCHO,1
494,jCHI,1
494,jPI5,1
494,jFF6,1
494,jBL6,1
495,jHG5,1
495,jCRA,1
495,jPL5,1
495,jSM4,1
495,jCA6,1
495,jCHO,1
495,jCHI,1
495,jPI5,1
495,jFF6,1
495,jBL6,1
496,jHG5,1
496,jCRA,1
496,jPL5,1
496,jSM4,1
496,jCA6,1
496,jCHO,1
496,jCHI,1
496,jPI5,1
496,jFF6,1
496,jBL6,1
497,jHG5,1
497,jCRA,1
497,jPL5,1
497,jSM4,1
497,jCA6,1
497,jCHO,1
497,jCHI,1
497,jPI5,1
497,jFF6,1
497,jBL6,1
498,jHG5,1
498,jCRA,1
498,jPL5,1
498,jSM4,1
498,jCA6,1
498,jCHO,1
498,jCHI,1
498,jPI5,1
498,jFF6,1
498,jBL6,1
499,jHG5,1
499,jCRA,1
499,jPL5,1
499,jSM4,1
499,jCA6,1
499,jCHO,1
499,jCHI,1
499,jPI5,1
499,jFF6,1
499,jBL6,1
500,jHG5,1
500,jCRA,1
500,jPL5,1
500,jSM4,1
500,jCA6,1
500,jCHO,1
500,jCHI,1
500,jPI5,1
500,jFF6,1
500,jBL6,1
501,jHG5,1
501,jCRA,1
501,jPL5,1
501,jSM4,1
501,jCA6,1
501,jCHO,1
501,jCHI,1
501,jPI5,1
501,jFF6,1
501,jBL6,1
502,jHG5,1
502,jCRA,1
502,jPL5,1
502,jSM4,1
502,jCA6,1
502,jCHO,1
502,jCHI,1
502,jPI5,1
502,jFF6,1
502,jBL6,1
503,jHG5,1
503,jCRA,1
503,jPL5,1
503,jSM4,1
503,jCA6,1
503,jCHO,1
503,jCHI,1
503,jPI5,1
503,jFF6,1
503,jBL6,1
504,jHG5,1
504,jCRA,1
504,jPL5,1
504,jSM4,1
504,jCA6,1
504,jCHO,1
504,jCHI,1
504,jPI5,1
504,jFF6,1
504,jBL6,1
505,jHG5,1
505,jCRA,1
505,jPL5,1
505,jSM4,1
505,jCA6,1
505,jCHO,1
505,jCHI,1
505,jPI5,1
505,jFF6,1
505,jBL6,1
506,jHG5,1
506,jCRA,1
506,jPL5,1
506,jSM4,1
506,jCA6,1
506,jCHO,1
506,jCHI,1
506,jPI5,1
506,jFF6,1
506,jBL6,1
507,jHG5,1
507,jCRA,1
507,jPL5,1
507,jSM4,1
507,jCA6,1
507,jCHO,1
507,jCHI,1
507,jPI5,1
507,jFF6,1
507,jBL6,1
508,jHG5,1
508,jCRA,1
508,jPL5,1
508,jSM4,1
508,jCA6,1
508,jCHO,1
508,jCHI,1
508,jPI5,1
508,jFF6,1
508,jBL6,1
509,jHG5,1
509,jCRA,1
509,jPL5,1
509,jSM4,1
509,jCA6,1
509,jCHO,1
509,jCHI,1
509,jPI5,1
509,jFF6,1
509,jBL6,1
510,jHG5,1
510,jCRA,1
510,jPL5,1
510,jSM4,1
510,jCA6,1
510,jCHO,1
510,jCHI,1
510,jPI5,1
510,jFF6,1
510,jBL6,1
511,jHG5,1
511,jCRA,1
511,jPL5,1
511,jSM4,1
511,jCA6,1
511,jCHO,1
511,jCHI,1
511,jPI5,1
511,jFF6,1
511,jBL6,1
512,jHG5,1
512,jCRA,1
512,jPL5,1
512,jSM4,1
512,jCA6,1
512,jCHO,1
512,jCHI,1
512,jPI5,1
512,jFF6,1
512,jBL6,1
513,jHG5,1
513,jCRA,1
513,jPL5,1
513,jSM4,1
513,jCA6,1
513,jCHO,1
513,jCHI,1
513,jPI5,1
513,jFF6,1
513,jBL6,1
514,jHG5,1
514,jCRA,1
514,jPL5,1
514,jSM4,1
514,jCA6,1
514,jCHO,1
514,jCHI,1
514,jPI5,1
514,jFF6,1
514,jBL6,1
515,jHG5,1
515,jCRA,1
515,jPL5,1
515,jSM4,1
515,jCA6,1
515,jCHO,1
515,jCHI,1
515,jPI5,1
515,jFF6,1
515,jBL6,1
516,jHG5,1
516,jCRA,1
516,jPL5,1
516,jSM4,1
516,jCA6,1
516,jCHO,1
516,jCHI,1
516,jPI5,1
516,jFF6,1
516,jBL6,1
517,jHG5,1
517,jCRA,1
517,jPL5,1
517,jSM4,1
517,jCA6,1
517,jCHO,1
517,jCHI,1
517,jPI5,1
517,jFF6,1
517,jBL6,1
518,jHG5,1
518,jCRA,1
518,jPL5,1
518,jSM4,1
518,jCA6,1
518,jCHO,1
518,jCHI,1
518,jPI5,1
518,jFF6,1
518,jBL6,1
519,jHG5,1
519,jCRA,1
519,jPL5,1
519,jSM4,1
519,jCA6,1
519,jCHO,1
519,jCHI,1
519,jPI5,1
519,jFF6,1
519,jBL6,1
520,jHG5,1
520,jCRA,1
520,jPL5,1
520,jSM4,1
520,jCA6,1
520,jCHO,1
520,jCHI,1
520,jPI5,1
520,jFF6,1
520,jBL6,1
521,jHG5,1
521,jCRA,1
521,jPL5,1
521,jSM4,1
521,jCA6,1
521,jCHO,1
521,jCHI,1
521,jPI5,1
521,jFF6,1
521,jBL6,1
522,jHG5,1
522,jCRA,1
522,jPL5,1
522,jSM4,1
522,jCA6,1
522,jCHO,1
522,jCHI,1
522,jPI5,1
522,jFF6,1
522,jBL6,1
523,jHG5,1
523,jCRA,1
523,jPL5,1
523,jSM4,1
523,jCA6,1
523,jCHO,1
523,jCHI,1
523,jPI5,1
523,jFF6,1
523,jBL6,1
524,jHG5,1
524,jCRA,1
524,jPL5,1
524,jSM4,1
524,jCA6,1
524,jCHO,1
524,jCHI,1
524,jPI5,1
524,jFF6,1
524,jBL6,1
525,jHG5,1
525,jCRA,1
525,jPL5,1
525,jSM4,1
525,jCA6,1
525,jCHO,1
525,jCHI,1
525,jPI5,1
525,jFF6,1
525,jBL6,1
526,jHG5,1
526,jCRA,1
526,jPL5,1
526,jSM4,1
526,jCA6,1
526,jCHO,1
526,jCHI,1
526,jPI5,1
526,jFF6,1
526,jBL6,1
527,jHG5,1
527,jCRA,1
527,jPL5,1
527,jSM4,1
527,jCA6,1
527,jCHO,1
527,jCHI,1
527,jPI5,1
527,jFF6,1
527,jBL6,1
528,jHG5,1
528,jCRA,1
528,jPL5,1
528,jSM4,1
528,jCA6,1
528,jCHO,1
528,jCHI,1
528,jPI5,1
528,jFF6,1
528,jBL6,1
529,jHG5,1
529,jCRA,1
529,jPL5,1
529,jSM4,1
529,jCA6,1
529,jCHO,1
529,jCHI,1
529,jPI5,1
529,jFF6,1
529,jBL6,1
530,jHG5,1
530,jCRA,1
530,jPL5,1
530,jSM4,1
530,jCA6,1
530,jCHO,1
530,jCHI,1
530,jPI5,1
530,jFF6,1
530,jBL6,1
531,jHG5,1
531,jCRA,1
531,jPL5,1
531,jSM4,1
531,jCA6,1
531,jCHO,1
531,jCHI,1
531,jPI5,1
531,jFF6,1
531,jBL6,1
532,jHG5,1
532,jCRA,1
532,jPL5,1
532,jSM4,1
532,jCA6,1
532,jCHO,1
532,jCHI,1
532,jPI5,1
532,jFF6,1
532,jBL6,1
533,jHG5,1
533,jCRA,1
533,jPL5,1
533,jSM4,1
533,jCA6,1
533,jCHO,1
533,jCHI,1
533,jPI5,1
533,jFF6,1
533,jBL6,1
534,jHG5,1
534,jCRA,1
534,jPL5,1
534,jSM4,1
534,jCA6,1
534,jCHO,1
534,jCHI,1
534,jPI5,1
534,jFF6,1
534,jBL6,1
535,jHG5,1
535,jCRA,1
535,jPL5,1
535,jSM4,1
535,jCA6,1
535,jCHO,1
535,jCHI,1
535,jPI5,1
535,jFF6,1
535,jBL6,1
536,jHG5,1
536,jCRA,1
536,jPL5,1
536,jSM4,1
536,jCA6,1
536,jCHO,1
536,jCHI,1
536,jPI5,1
536,jFF6,1
536,jBL6,1
537,jHG5,1
537,jCRA,1
537,jPL5,1
537,jSM4,1
537,jCA6,1
537,jCHO,1
537,jCHI,1
537,jPI5,1
537,jFF6,1
537,jBL6,1
538,jHG5,1
538,jCRA,1
538,jPL5,1
538,jSM4,1
538,jCA6,1
538,jCHO,1
538,jCHI,1
538,jPI5,1
538,jFF6,1
538,jBL6,1
539,jHG5,1
539,jCRA,1
539,jPL5,1
539,jSM4,1
539,jCA6,1
539,jCHO,1
539,jCHI,1
539,jPI5,1
539,jFF6,1
539,jBL6,1
540,jHG5,1
540,jCRA,1
540,jPL5,1
540,jSM4,1
540,jCA6,1
540,jCHO,1
540,jCHI,1
540,jPI5,1
540,jFF6,1
540,jBL6,1
541,jHG5,1
541,jCRA,1
541,jPL5,1
541,jSM4,1
541,jCA6,1
541,jCHO,1
541,jCHI,1
541,jPI5,1
541,jFF6,1
541,jBL6,1
542,jHG5,1
542,jCRA,1
542,jPL5,1
542,jSM4,1
542,jCA6,1
542,jCHO,1
542,jCHI,1
542,jPI5,1
542,jFF6,1
542,jBL6,1
543,jHG5,1
543,jCRA,1
543,jPL5,1
543,jSM4,1
543,jCA6,1
543,jCHO,1
543,jCHI,1
543,jPI5,1
543,jFF6,1
543,jBL6,1
544,jHG5,1
544,jCRA,1
544,jPL5,1
544,jSM4,1
544,jCA6,1
544,jCHO,1
544,jCHI,1
544,jPI5,1
544,jFF6,1
544,jBL6,1
545,jHG5,1
545,jCRA,1
545,jPL5,1
545,jSM4,1
545,jCA6,1
545,jCHO,1
545,jCHI,1
545,jPI5,1
545,jFF6,1
545,jBL6,1
546,jHG5,1
546,jCRA,1
546,jPL5,1
546,jSM4,1
546,jCA6,1
546,jCHO,1
546,jCHI,1
546,jPI5,1
546,jFF6,1
546,jBL6,1
547,jHG5,1
547,jCRA,1
547,jPL5,1
547,jSM4,1
547,jCA6,1
547,jCHO,1
547,jCHI,1
547,jPI5,1
547,jFF6,1
547,jBL6,1
548,jHG5,1
548,jCRA,1
548,jPL5,1
548,jSM4,1
548,jCA6,1
548,jCHO,1
548,jCHI,1
548,jPI5,1
548,jFF6,1
548,jBL6,1
549,jHG5,1
549,jCRA,1
549,jPL5,1
549,jSM4,1
549,jCA6,1
549,jCHO,1
549,jCHI,1
549,jPI5,1
549,jFF6,1
549,jBL6,1
550,jHG5,1
550,jCRA,1
550,jPL5,1
550,jSM4,1
550,jCA6,1
550,jCHO,1
550,jCHI,1
550,jPI5,1
550,jFF6,1
550,jBL6,1
551,jHG5,1
551,jCRA,1
551,jPL5,1
551,jSM4,1
551,jCA6,1
551,jCHO,1
551,jCHI,1
551,jPI5,1
551,jFF6,1
551,jBL6,1
552,jHG5,1
552,jCRA,1
552,jPL5,1
552,jSM4,1
552,jCA6,1
552,jCHO,1
552,jCHI,1
552,jPI5,1
552,jFF6,1
552,jBL6,1
553,jHG5,1
553,jCRA,1
553,jPL5,1
553,jSM4,1
553,jCA6,1
553,jCHO,1
553,jCHI,1
553,jPI5,1
553,jFF6,1
553,jBL6,1
554,jHG5,1
554,jCRA,1
554,jPL5,1
554,jSM4,1
554,jCA6,1
554,jCHO,1
554,jCHI,1
554,jPI5,1
554,jFF6,1
554,jBL6,1
555,jHG5,1
555,jCRA,1
555,jPL5,1
555,jSM4,1
555,jCA6,1
555,jCHO,1
555,jCHI,1
555,jPI5,1
555,jFF6,1
555,jBL6,1
556,jHG5,1
556,jCRA,1
556,jPL5,1
556,jSM4,1
556,jCA6,1
556,jCHO,1
556,jCHI,1
556,jPI5,1
556,jFF6,1
556,jBL6,1
557,jHG5,1
557,jCRA,1
557,jPL5,1
557,jSM4,1
557,jCA6,1
557,jCHO,1
557,jCHI,1
557,jPI5,1
557,jFF6,1
557,jBL6,1
558,jHG5,1
558,jCRA,1
558,jPL5,1
558,jSM4,1
558,jCA6,1
558,jCHO,1
558,jCHI,1
558,jPI5,1
558,jFF6,1
558,jBL6,1
559,jHG5,1
559,jCRA,1
559,jPL5,1
559,jSM4,1
559,jCA6,1
559,jCHO,1
559,jCHI,1
559,jPI5,1
559,jFF6,1
559,jBL6,1
560,jBL6,1
560,jPLB3,1
560,jFF6,1
560,jPLB3,1
560,jPLB3,1
560,jPLB3,1
560,jPI5,1
561,jHGB,1
561,jHG5,3
562,jHGB,1
563,jBL6,3
563,jCHI,3
563,jFF6,3
563,jCRA,3
563,jCA6,3
563,jPI5,3
563,jHG5,3
564,jCA6,4
564,jCHI,3
564,jBL6,3
564,jFF6,1
564,jHG5,1
564,jPLB3,1
564,jSM4,1
565,jBL6,2
565,jHGB,1
565,jHGB,1
566,jSM4,3
566,jPL5,3
566,jCA6,3
566,jCHI,3
566,jFF6,3
566,jHG5,3
566,jPI5,3
567,jHG5,2
567,jCA6,2
567,jFF6,2
567,jBL6,1
567,jCHI,1
568,jPL5,6
568,jHG5,2
568,jCHI,1
568,jCA6,1
569,jHG5,1
569,jFF6,1
569,jCA6,1
570,jPL5,1
570,jHG5,1
570,jCA6,1
570,jCHO,1
570,jCHI,1
570,jPI5,1
570,jBL6,1
570,jCRA,1
570,jFF6,1
570,jSM4,1
571,jCHO,4
572,jPL5,32
573,jPL5,31
574,jPL5,1
574,jCHI,1
574,jPI5,1
574,jBL6,1
574,jCRA,1
574,jFF6,1
574,jHG5,1
574,jSM4,1
574,jCA6,1
574,jCHO,1
575,jCA6,31
576,jBL6,24
576,jCRA,7
577,jPL5,60
577,jHG5,60